Link,Text,Retweets,Likes,Comments,Feed,Timestamp,Goal: collect attention-grabbing political tweets
https://bsky.app/profile/gbbranstetter.bsky.social/post/3knssi4ouko24,"A running theme in Woods' telling is how even those who opposed Hitler blamed his rise on the ""depravity"" and excess of Weimar Berlin ""as if the mere presence of ersatz women
in theclubwas enough to foment and justify a right-wing putsch""--a phrase I find myself repeating often",46,177,,https://bsky.app/profile/did:plc:z72i7hdynmk6r22z27h6tvur/feed/hot-classic,3/16/2024,
https://bsky.app/profile/juliusgoat.bsky.social/post/3knstcvx3mc2f,"And now conservatives today are making the same argument today, blaming the existence of for example queer people for the political empowerment of Republicans and other kinds of Nazis who seek to murder queer people.",52,151,,https://bsky.app/profile/did:plc:z72i7hdynmk6r22z27h6tvur/feed/hot-classic,3/16/2024,
https://bsky.app/profile/jbouie.bsky.social/post/3knstcm42kk2h,this from @radleybalko.bsky.social is very good,79,225,,https://bsky.app/profile/did:plc:z72i7hdynmk6r22z27h6tvur/feed/hot-classic,3/16/2024,
https://bsky.app/profile/gbbranstetter.bsky.social/post/3knstbz6yas22,"They say this about Putin and Orban and their wars against ""globalists"" or Soros--indeed they build red state policy in the model of both. Ask Rufo, ask Dreher, ask Claremont and ADF",15,58,,https://bsky.app/profile/did:plc:z72i7hdynmk6r22z27h6tvur/feed/hot-classic,3/16/2024,
https://bsky.app/profile/jameeljaffer.bsky.social/post/3knst4cru622w,This framing is really something.,20,139,,https://bsky.app/profile/did:plc:z72i7hdynmk6r22z27h6tvur/feed/hot-classic,3/16/2024,
https://bsky.app/profile/gbbranstetter.bsky.social/post/3knssi4ouko24,"A running theme in Woods' telling is how even those who opposed Hitler blamed his rise on the ""depravity"" and excess of Weimar Berlin ""as if the mere presence of ersatz women in the club was enough to foment and justify a right-wing putsch""--a phrase I find myself repeating often",47,188,,https://bsky.app/profile/did:plc:z72i7hdynmk6r22z27h6tvur/feed/hot-classic,3/16/2024,
https://bsky.app/profile/ohnoshetwitnt.bsky.social/post/3knswltbh2622,The fact that Bill Maher has Republicans defending him should tell you everything you need to know about Bill Maher.,5,51,,https://bsky.app/profile/did:plc:z72i7hdynmk6r22z27h6tvur/feed/hot-classic,3/16/2024,
https://bsky.app/profile/esqueer.bsky.social/post/3knr77ifjqc2n,"Twitter is nuking every single post that mentions the name Hans Kristian Graebener, even in quotes. Everyone that posts it is getting hit. I've never seen sitewide censorship like this done specifically on behalf of a neo nazi.",1200,2550,,https://bsky.app/profile/did:plc:tenurhgjptubkk5zf5qhi3og/feed/catch-up,3/16/2024,
https://bsky.app/profile/chriswarcraft.bsky.social/post/3knrdpdp7xd2b,"I don’t want Supreme Court justices that are friends with each other, I want Supreme Court justices who are unflinchingly against religious fundamentalism and fascism, especially if it’s coming from their colleagues.",466,2094,,https://bsky.app/profile/did:plc:tenurhgjptubkk5zf5qhi3og/feed/catch-up,3/16/2024,
https://bsky.app/profile/xphtherapy.bsky.social/post/3knromke5nt2u,You are never alone in your experience of suffering. This story resonates deeply for me. I hope it does for others reading it.,629,2000,,https://bsky.app/profile/did:plc:tenurhgjptubkk5zf5qhi3og/feed/catch-up,3/16/2024,
https://bsky.app/profile/scottsantens.com/post/3knqkh2es7k2i,"Fresh results from another basic income pilot. This one took place in San Antonio, Texas where 1,000 people got a $1,908 payment in Dec 2020, followed by 8 quarterly $400 payments between Apr 2021 and Jan 2023. What happened? Incomes from work went up. That's a commonly observed impact BTW.",145,,,https://bsky.app/profile/did:plc:tenurhgjptubkk5zf5qhi3og/feed/catch-up,3/16/2024,
https://bsky.app/profile/johnrogers.bsky.social/post/3knqkvrpipc2y,Every time. UBI works. AI doesn’t. But which one is getting billions in hot dumb money thrown at it.,613,1300,,https://bsky.app/profile/did:plc:tenurhgjptubkk5zf5qhi3og/feed/catch-up,3/16/2024,
https://bsky.app/profile/kevinmkruse.bsky.social/post/3knql7vjojz2c,"“The parties are the exact same” is an automatic block for me. You’re either deliberately trolling or stupid beyond redemption. Either way, I’m not wasting any time on your stupidity.",171,,,https://bsky.app/profile/did:plc:tenurhgjptubkk5zf5qhi3og/feed/catch-up,3/16/2024,
https://bsky.app/profile/iboudreau.bsky.social/post/3knr2zmw4lm2w,It feels a little bit good that the supreme court is clearly bothered by us all thinking that they suck shit,140,1223,,https://bsky.app/profile/did:plc:tenurhgjptubkk5zf5qhi3og/feed/catch-up,3/16/2024,
https://bsky.app/profile/bencollins.bsky.social/post/3knqlj267ld2q,"Completely maddening watching regular people I like hoovering up GOP scare bullshit with no real evidence and now excitedly endorsing a TikTok ban because it makes them appear reasonable or centrist. It’d be the first time America banned an app at this scale, a true speech issue, and it’s all vibes.",195,1056,,https://bsky.app/profile/did:plc:tenurhgjptubkk5zf5qhi3og/feed/catch-up,3/16/2024,
https://bsky.app/profile/carlbergstrom.com/post/3knqlji4zgl2d,"Another Elsevier paper with obvious AI-written text. “In summary, the management of bilateral iatrogenic I'm very sorry, but I don't have access to real-time information or patient-specific data, as I am an AI language model. “",438,1058,,https://bsky.app/profile/did:plc:tenurhgjptubkk5zf5qhi3og/feed/catch-up,3/17/2024,
https://bsky.app/profile/chantalalive.bsky.social/post/3knr4vrmebc2h,"If cops can seize a homeless person from the street in California or New York, & forcibly transport them to a psych ward where they'll be held against their will indefinitely, don't be naive enough to think you will always be exceptional to this kind of thing being a threat to you in your own life.",271,956,,https://bsky.app/profile/did:plc:tenurhgjptubkk5zf5qhi3og/feed/catch-up,3/17/2024,
https://bsky.app/profile/eladn.bsky.social/post/3knrbd6hnj42v,The reason we need to keep talking about this is that it’s not about him being a hypocrite. It’s about the fact that a major social media platform has turned into a propaganda arm of the fascist right and that freedom of speech and press is under attack on this platform and beyond.,360,913,,https://bsky.app/profile/did:plc:tenurhgjptubkk5zf5qhi3og/feed/catch-up,3/17/2024,
https://bsky.app/profile/ryanlcooper.com/post/3knrp4bjslk2m,"the truth MBAs won’t tell you is that while a unionized workforce can increase base labor costs they also decrease turnover, lower legal expenses, and provide both marketing and political ballast",177,854,,https://bsky.app/profile/did:plc:tenurhgjptubkk5zf5qhi3og/feed/catch-up,3/17/2024,
https://bsky.app/profile/neolithicsheep.bsky.social/post/3knrsd5yzsh2c,"""Mutual aid"" used to have a specific meaning and the mutuality was very much part of it. You help me organize a tenants' Union, I help you organize a community garden. We come together as equals and learn from each other and lift each other up. Crowdfunding essential needs is not that.",100,552,,https://bsky.app/profile/did:plc:tenurhgjptubkk5zf5qhi3og/feed/catch-up,3/17/2024,
https://bsky.app/profile/newamauta.bsky.social/post/3knrn5ary4c2t,"An Indigenous tribe in Los Angeles recently got 12 acres of their land back! Native orgs made the largest LA land purchase for the Tongva Gabrielino Shohone Nation, including Anawakalmekak, a Native Mexica school that teaches Nahuatl to the Mexican diaspora. This is inter-Indigenous solidarity",153,555,,https://bsky.app/profile/did:plc:tenurhgjptubkk5zf5qhi3og/feed/catch-up,3/17/2024,
https://bsky.app/profile/jefftiedrich.bsky.social/post/3knsywh5dos2r,"pro tip: if you can imprison Peter Navarro for blowing off a congressional subpoena, you can imprison Jim Jordan for blowing off a congressional subpoena. this isn't fucking rocket science",77,543,,https://bsky.app/profile/did:plc:tenurhgjptubkk5zf5qhi3og/feed/catch-up,3/17/2024,
https://bsky.app/profile/kenklippenstein.bsky.social/post/3knt74lknoi2y,"TikTok hysteria notwithstanding, the heads of the CIA, FBI and Intel community are careful to note that any threat to national security is purely hypothetical. There's no evidence that TikTok has ever coordinated with the Chinese government.",134,538,,https://bsky.app/profile/did:plc:tenurhgjptubkk5zf5qhi3og/feed/catch-up,3/17/2024,
https://bsky.app/profile/nycsouthpaw.bsky.social/post/3kntldci2v32f,"New York is the greatest city in the world, but one thing we lack is the muckraking left-leaning tabloid that would lay any and all shootings in the city since Bruen at the door of the Supreme Court majority.",58,494,,https://bsky.app/profile/did:plc:tenurhgjptubkk5zf5qhi3og/feed/catch-up,3/17/2024,
https://bsky.app/profile/brainnotonyet.bsky.social/post/3kntrgg7a5c2s,So we are just ignoring that this is an escalation and one that historically leads to violence at scale ? The republicans are telling you they are going to become open and proud terrorists if they lose. This is definitional stochastic terror. Anyone who backs this is a domestic threat.,208,491,,https://bsky.app/profile/did:plc:tenurhgjptubkk5zf5qhi3og/feed/catch-up,3/17/2024,
https://bsky.app/profile/scottsantens.com/post/3knsupwoqyk2y,"""Even affluent people would enjoy a better quality of life if they lived in a country with a more equal distribution of wealth, similar to a Scandinavian nation."" We really need to reduce inequality. Universal basic income plus a mix of taxes is how. Everyone would benefit.",124,469,,https://bsky.app/profile/did:plc:tenurhgjptubkk5zf5qhi3og/feed/catch-up,3/17/2024,
https://bsky.app/profile/ohnoshetwitnt.bsky.social/post/3knsnevtne32p,We need Saint Patrick to drive the snakes out of the Supreme Court.,78,462,,https://bsky.app/profile/did:plc:tenurhgjptubkk5zf5qhi3og/feed/catch-up,3/17/2024,
https://bsky.app/profile/mtsw.bsky.social/post/3kntcbvt5px2d,"maybe i'm wrong but i really do feel like there was an era of US policing where if your car got stolen the cops would at least kinda pretend to try and find it instead of telling you ""wow that sucks, good luck bro""",24,440,,https://bsky.app/profile/did:plc:tenurhgjptubkk5zf5qhi3og/feed/catch-up,3/17/2024,
https://bsky.app/profile/fleerultra.bsky.social/post/3kntaqo47jp2c,"if youd said on january 7, 2021, that we would have to have an election in 4 years to decide whether anyone important would face consequences for the coup attempt, every single person currently defending the DOJ, Garland, Biden, Willis, et al, wouldve said you were crazy or a coward. yet here we are",95,411,,https://bsky.app/profile/did:plc:tenurhgjptubkk5zf5qhi3og/feed/catch-up,3/17/2024,
https://bsky.app/profile/raxkingisdead.bsky.social/post/3knsx4h5ims2v,i’m legit not sure what superrich people’s plan is for when the cities where they live are fully and inarguably impossible for the service class to afford to even live near. are yall gonna start waiting your own tables?,36,398,,https://bsky.app/profile/did:plc:tenurhgjptubkk5zf5qhi3og/feed/catch-up,3/17/2024,
https://bsky.app/profile/lolgop.bsky.social/post/3kntt6tiegp25,Watching Trump hold rallies where he incites violence after January 6th WHILE OUT ON BAIL is like watching bin Laden teach a flight school after 9/11.,99,362,,https://bsky.app/profile/did:plc:tenurhgjptubkk5zf5qhi3og/feed/catch-up,3/17/2024,
https://bsky.app/profile/leavittalone.bsky.social/post/3knrx45l4ce2r,what's harder? Explaining to rich boomers burglary isn't really a thing anymore cause there's really nothing in their house with a re-sale value anymore to make it worth it or that the if it happens the cops won't do shit,57,324,,https://bsky.app/profile/did:plc:tenurhgjptubkk5zf5qhi3og/feed/catch-up,3/17/2024,
https://bsky.app/profile/nycsouthpaw.bsky.social/post/3kntar6c6ps2o,"Musk’s federal contractor status is never in any apparent jeopardy despite the host of documented foreign influences, ratfucking of US allies, personal instability, overt racism, etc. I just don’t get it.",242,1137,,https://bsky.app/profile/did:plc:tenurhgjptubkk5zf5qhi3og/feed/catch-up,3/17/2024,
https://bsky.app/profile/thomaszimmer.bsky.social/post/3kntnykbten2f,"In a country with a functioning democratic system and a somewhat healthy political culture, anyone uttering such deranged nonsense would be shunned and ostracized, a party elevating them would not be considered a viable option by anyone but an extremist fringe.",131,384,,https://bsky.app/profile/did:plc:tenurhgjptubkk5zf5qhi3og/feed/catch-up,3/17/2024,
https://bsky.app/profile/seriousfreudoffice.bsky.social/post/3kntotf4qi42k,"In good news, Liz Truss's anti trans bill failed to go through. In hilarious news, this was because several MPs filibustered for five hours talking about ferret names.

https://www.thepinknews.com/2024/03/16/liz-truss-ferrets/",122,358,6,https://bsky.app/profile/did:plc:tenurhgjptubkk5zf5qhi3og/feed/catch-up,3/17/2024,
https://bsky.app/profile/ryanlcooper.com/post/3kntlutpzn22q,"you could set up like 5 of these with the money Dems spent losing Senate races in Kentucky and South Carolina

https://prospect.org/politics/2024-03-11-democrats-need-party-publication/",51,316,8,https://bsky.app/profile/did:plc:tenurhgjptubkk5zf5qhi3og/feed/catch-up,3/17/2024,
https://bsky.app/profile/kendrawrites.bsky.social/post/3knsvqzy2ul2i,People know at this point that covid isn't really a respiratory infection right? It's an infection that happens to spread via respiratory systems but that causes system wide inflammation. The flu is a respiratory infection. It sticks to your lungs for the most part. Covid doesn't.,91,304,14,https://bsky.app/profile/did:plc:tenurhgjptubkk5zf5qhi3og/feed/catch-up,3/17/2024,
https://bsky.app/profile/rbreich.bsky.social/post/3kntuqzkjq22f,"The effective federal corporate income tax rate: 1950: 50% 1990: 25% 2020: 13% Stop asking ""but how we will pay for it?"" Restore the corporate tax rate. That is how we will pay for it.",86,304,7,https://bsky.app/profile/did:plc:tenurhgjptubkk5zf5qhi3og/feed/catch-up,3/17/2024,
https://bsky.app/profile/stevevladeck.bsky.social/post/3kntbnvmx4c2j,New from me via @MSNBC: The reaction by Republican Senators (and others) to the new Judicial Conference proposal to curb “judge-shopping” drives home the partisan nature of the practice—and thereby drives home *why* such a reform is long overdue:,96,292,5,https://bsky.app/profile/did:plc:tenurhgjptubkk5zf5qhi3og/feed/catch-up,3/17/2024,
https://bsky.app/profile/moiradonegan.bsky.social/post/3knt2pofmp52h,"Kind of wild how so many of our central political struggles are about gender and the family—abortion rights, masculinity politics, trans healthcare access, the “crisis of marriage”—and yet there has still been no meaningful attempt, by either leftists or liberals, to revive the cause of feminism.",39,283,20,https://bsky.app/profile/did:plc:tenurhgjptubkk5zf5qhi3og/feed/catch-up,3/17/2024,
https://bsky.app/profile/npr.org/post/3kntjjdda3k2r,The Justice Ruth Bader Ginsburg Leadership Award was created to honor women who have created positive change in society. RBG's family says this year's change in selection criteria betrays her legacy.,68,227,44,https://bsky.app/profile/did:plc:tenurhgjptubkk5zf5qhi3og/feed/catch-up,3/17/2024,
https://bsky.app/profile/marygillis.bsky.social/post/3kntq5xnnyl2g,"Obviously, the RBG Award should honor those who hold on to positions of power like grim death, those who put their own wants so far above the needs of others that they behave as though they literally can't imagine the world will continue after their own lifetimes.",67,278,10,https://bsky.app/profile/did:plc:tenurhgjptubkk5zf5qhi3og/feed/catch-up,3/17/2024,
https://bsky.app/profile/lolgop.bsky.social/post/3kntnef2boc2g,"“The Court's been controlled for more than 50 consecutive years by the GOP at a time when the Democratic Party has won the popular vote in 7 of the last 8 presidential elections… And absent a reform that intentionally rebalances the Court, the Court will remain in GOP hands for 40 more years.”",86,274,11,https://bsky.app/profile/did:plc:tenurhgjptubkk5zf5qhi3og/feed/catch-up,3/17/2024,
https://bsky.app/profile/c0nc0rdance.bsky.social/post/3kntxyhe53s2n,"“Poverty exists not because we cannot feed the poor, but because we cannot satisfy the rich.""",95,288,7,https://bsky.app/profile/did:plc:tenurhgjptubkk5zf5qhi3og/feed/catch-up,3/17/2024,
https://bsky.app/profile/profmusgrave.bsky.social/post/3kntqadjt5j2q,"Let me pre-register: as of right now, this date, with the full knowledge that a lot can happen—DJT has vastly more loser energy than in 2016 or 2020, and it’s not just because he has, well, lost—he’s whiny and self-centered in a new, more insular fashion",20,275,,https://bsky.app/profile/did:plc:tenurhgjptubkk5zf5qhi3og/feed/catch-up,3/17/2024,
https://bsky.app/profile/secretaboutbox.bsky.social/post/3knu22hsenq2d,i am *tired* of people who post screenshots from twitter of transphobes saying hateful shit. no actual problem is solved by importing it here. we all know what twitter is like. that's why we're here. when you do this you only make everyone feel worse. fuck outta here with this shit.,73,288,10,https://bsky.app/profile/did:plc:tenurhgjptubkk5zf5qhi3og/feed/catch-up,3/17/2024,
https://bsky.app/profile/keithstack.com/post/3knswykquqt22,"Tired of all the WOKE video games nowadays telling me it’s bad to be WHITE, and that I need to INJECT MYSELF with CHOZO DNA in order to survive the harsh conditions of PLANET ZEBES.",37,268,7,https://bsky.app/profile/did:plc:tenurhgjptubkk5zf5qhi3og/feed/catch-up,3/17/2024,
https://bsky.app/profile/weirwoodtreehug.bsky.social/post/3knt66pbp6227,"This is the first I'm hearing of this. I'm trying to imagine the reaction by the msm, electeds and law enforcement if it were say, free Palestine or police abolition activists routinely delaying courts with violent threats. It would not be ""how rude, but oh well"" it would be nationwide panic",78,261,6,https://bsky.app/profile/did:plc:tenurhgjptubkk5zf5qhi3og/feed/catch-up,3/17/2024,
https://bsky.app/profile/comicsinthega.bsky.social/post/3knttnzaw7t2a,"I will be relieved once we pass through this weird window in time where right wingers have become weirdly obsessed with Sydney Sweeney's boobs. I mean, boobs are great, I love them, but using one woman's to promote some bizarre white nationalist, antigay agenda is both horrible & completely insane.",17,269,22,https://bsky.app/profile/did:plc:tenurhgjptubkk5zf5qhi3og/feed/catch-up,3/17/2024,
https://bsky.app/profile/ruemcclammyhand.bsky.social/post/3kntudijxkk2e,today is the 3 year anniversary of the atlanta spa shooting,248,605,9,https://bsky.app/profile/did:plc:tenurhgjptubkk5zf5qhi3og/feed/catch-up,3/17/2024,
https://bsky.app/profile/ruemcclammyhand.bsky.social/post/3kntufjhlwo2i,won’t ever forget how that white man opened fire on a building full of people screaming “kill all the asians” and major news outlets and our own government hesitated to classify this as a hate crime,47,259,1,https://bsky.app/profile/did:plc:tenurhgjptubkk5zf5qhi3og/feed/catch-up,3/17/2024,
https://bsky.app/profile/juliusgoat.bsky.social/post/3knsvuoelgl2q,This is literally the argument many American conservatives are making now; that Germans could have avoided all the unpleasantness of Nazism if they’d simply done Nazis’ murderous work for them in the first place.,65,249,4,https://bsky.app/profile/did:plc:tenurhgjptubkk5zf5qhi3og/feed/catch-up,3/17/2024,
https://bsky.app/profile/rbreich.bsky.social/post/3kntpz26quc2f,"One of the richest men in the 1920s was Andrew Mellon — an early prophet of “trickle-down” economics. His grandson, Timothy Mellon, is bankrolling Trump's reelection. Timothy uses his platform to rage against social programs. This is how dynastic wealth works. Wealth tax now.",73,253,5,https://bsky.app/profile/did:plc:tenurhgjptubkk5zf5qhi3og/feed/catch-up,3/17/2024,
https://bsky.app/profile/daveanthony.bsky.social/post/3knsrsihslc27,The normalization of mass death by Democratic centrists is going to to take us to a terrible place.,45,257,8,https://bsky.app/profile/did:plc:tenurhgjptubkk5zf5qhi3og/feed/catch-up,3/17/2024,
https://bsky.app/profile/eliasisquith.blog/post/3knsufiggrt2q,in many ways this was the period of the trauma i found most devastating; this complete and strident and utterly juvenile abdication of responsibility at a time of incredible fear and pain.,51,246,10,https://bsky.app/profile/did:plc:tenurhgjptubkk5zf5qhi3og/feed/catch-up,3/17/2024,
https://bsky.app/profile/jefftiedrich.bsky.social/post/3kntg222wlk2g,"if Fani Willis's personal life has you howling with outrage, wait until you hear about the Supreme Court Justice whose entire life has been bankrolled by some Nazi-memorabilia-loving plutocrat named Harlan Crow. oh, and have we mentioned that this dipshit Justice is married to an insurrectionist",49,243,5,https://bsky.app/profile/did:plc:tenurhgjptubkk5zf5qhi3og/feed/catch-up,3/17/2024,
https://bsky.app/profile/chadloder.bsky.social/post/3kns2wyiba22r,I love that we're all being marched rapidly towards death and disability because politicians worldwide want to declare the pandemic over,68,238,8,https://bsky.app/profile/did:plc:tenurhgjptubkk5zf5qhi3og/feed/catch-up,3/17/2024,
https://bsky.app/profile/npr.org/post/3kntfv6if4m2m,Social spaces for trans folks tend to be youth-oriented. Transitioning for those over 50 can bring unique challenges. One New Jersey support group offers community and a path forward.,62,243,2,https://bsky.app/profile/did:plc:tenurhgjptubkk5zf5qhi3og/feed/catch-up,3/17/2024,
https://bsky.app/profile/skippysbonezone.bsky.social/post/3knt7nflypc2a,"Wow you mean to tell me puritanism and Anti kink we warned y'all about is bad for queer people and those oppressive ideas where always inherently anti-queer as our mere existence is viewed as ""too sexual"" and now they're trying to harm sex workers And artists by attacking our way of earning income?",83,235,5,https://bsky.app/profile/did:plc:tenurhgjptubkk5zf5qhi3og/feed/catch-up,3/17/2024,
https://bsky.app/profile/kilgoretrout.bsky.social/post/3kntt5cgf6k25,know what I wanted to know in life about fishtanks? nothing. jack shit. could have died happy in ignorance. now I’m doing water & medium changes like I’m defusing a homemade bomb so I don’t accidentally murder a billion bacteria and crash the nitrogen cycle,10,241,21,https://bsky.app/profile/did:plc:tenurhgjptubkk5zf5qhi3og/feed/catch-up,3/17/2024,
https://bsky.app/profile/veryimportant.lawyer/post/3knu6g6t6ve2e,RFK Jr’s campaign is like a Pokémon game where you collect dumb guys instead of monsters,31,318,4,https://bsky.app/profile/did:plc:tenurhgjptubkk5zf5qhi3og/feed/catch-up,3/17/2024,
https://bsky.app/profile/chup.blakereid.org/post/3knt4e5hh622u,"The nut of the problem with the TikTok ban is not that TikTok is good, it’s that TikTok has the same pathologies as the rest of our information infrastructure, which we’ve chosen to neglect for the past many decades, and only making a big deal about China exploiting them tacitly blesses the rest.",70,230,6,https://bsky.app/profile/did:plc:tenurhgjptubkk5zf5qhi3og/feed/catch-up,3/17/2024,
https://bsky.app/profile/mmasnick.bsky.social/post/3kntpzl7u7k2g,"The youth are disaffected and that has *never* before happened in history. Must be this one algorithm out of the many they interact with each day, and not (1) the youth always feel that way and (2) the world is pretty fucking bad right now",46,263,21,https://bsky.app/profile/did:plc:tenurhgjptubkk5zf5qhi3og/feed/catch-up,3/17/2024,
https://bsky.app/profile/rbreich.bsky.social/post/3knu26jrbls2s,Wall Street has consolidated into 5 giant banks. Airlines have merged from 12 major carriers in 1980 to 4 today. A handful of companies control the pharmaceutical industry. Four giants control over 80% of meat processing. The evidence of corporate concentration is everywhere.,70,216,10,https://bsky.app/profile/did:plc:tenurhgjptubkk5zf5qhi3og/feed/catch-up,3/17/2024,
https://bsky.app/profile/petersagal.bsky.social/post/3kntzi3j2id2q,"Dwight Opperman, the wealthy man whose foundation endowed the award, made his fortune in legal publishing (WestLaw) and apparently was a genuine fan of RBG, and she of him. (He was known and liked by the other justices, as well.) His widow, though, who controls the foundation is a Trump supporter.",73,216,13,https://bsky.app/profile/did:plc:tenurhgjptubkk5zf5qhi3og/feed/catch-up,3/17/2024,
https://bsky.app/profile/sethcotlar.bsky.social/post/3knt5mr4qlk2s,"Watching Kellyanne Conway's ""alternative facts"" moment on 1/22/17 was hilariously absurd, but it also felt like falling off a cliff. In this post I reflect a bit on the humor and terror of our age of Trumpian lies. Post-truth, as Timothy Snyder says, is pre-fascism",53,209,11,https://bsky.app/profile/did:plc:tenurhgjptubkk5zf5qhi3og/feed/catch-up,3/17/2024,
https://bsky.app/profile/sjjphd.bsky.social/post/3kntkae5jxl2q,"Technodeterminism is forever an easy escape from talking about the lived conditions of late-capitalist, aspiring democracies that make people feel disconnected and nihilistic. Absolute pet peeve I will never shut up about",48,207,5,https://bsky.app/profile/did:plc:tenurhgjptubkk5zf5qhi3og/feed/catch-up,3/17/2024,
https://bsky.app/profile/nicholasgrossman.bsky.social/post/3knszz6in4i2a,"As someone who thinks America over-personifies its politics, as if POTUS does everything himself—enemies too: Hitler, Saddam, etc.—I'm glad to see this @jbouie.bsky.social column reminding everyone you vote for an administration and a vision for the country, not for one person and their personality.",50,205,1,https://bsky.app/profile/did:plc:tenurhgjptubkk5zf5qhi3og/feed/catch-up,3/17/2024,
https://bsky.app/profile/saramchenry.bsky.social/post/3kntr4xlrz422,"So you're telling me that people can drive massive lifted trucks through my neighborhood, and run gas-powered leaf- and snow-blowers all they want, but when I use my inhaler about it I'M the asshole?",40,202,7,https://bsky.app/profile/did:plc:tenurhgjptubkk5zf5qhi3og/feed/catch-up,3/17/2024,
https://bsky.app/profile/parismarx.bsky.social/post/3knszodnag223,"They care when TikTok does it, but they didn’t give a damn when Uber was doing the same thing around the world to get people to help it roll back taxi regulations — and getting the help of US ambassadors along the way.",33,197,5,https://bsky.app/profile/did:plc:tenurhgjptubkk5zf5qhi3og/feed/catch-up,3/17/2024,
https://bsky.app/profile/karlbode.bsky.social/post/3knszi55xch2c,"wait until these folks realize that radical religious extremists have hijacked large swaths of US radio, television, and Internet infrastructure to seed fascist propaganda in the soft little noggins of woefully undereducated americans",22,194,8,https://bsky.app/profile/did:plc:tenurhgjptubkk5zf5qhi3og/feed/catch-up,3/17/2024,
https://bsky.app/profile/thomaszimmer.bsky.social/post/3kntvjapsc32g,"Let it serve as a reminder that the problem is not just Trump, not even primarily Trump: It’s the party that elevated him in the first place, the party that embraces and elevates far-right extremists, the party that constantly gives itself and its supporters permission to keep radicalizing.",69,207,6,https://bsky.app/profile/did:plc:tenurhgjptubkk5zf5qhi3og/feed/catch-up,3/17/2024,
https://bsky.app/profile/rollwithheather.bsky.social/post/3kntvyod4hp27,It bothers me so much that people are unaware of the African American civil rights origins of the term “woke.” en.wikipedia.org/wiki/Woke,35,195,6,https://bsky.app/profile/did:plc:tenurhgjptubkk5zf5qhi3og/feed/catch-up,3/17/2024,
https://bsky.app/profile/clairewillett.bsky.social/post/3knttyg5wp32i,this is so absurd and yet such a perfect encapsulation of the mediocrity inherent in bias the people complaining about how some opportunity was stolen from them due to woke aren’t in line for the gold to begin with. they’re usually not good enough to win without privilege giving them that boost,25,184,2,https://bsky.app/profile/did:plc:tenurhgjptubkk5zf5qhi3og/feed/catch-up,3/17/2024,
https://bsky.app/profile/ohnoshetwitnt.bsky.social/post/3knswltbh2622,The fact that Bill Maher has Republicans defending him should tell you everything you need to know about Bill Maher.,16,182,8,https://bsky.app/profile/did:plc:tenurhgjptubkk5zf5qhi3og/feed/catch-up,3/17/2024,
https://bsky.app/profile/ruemcclammyhand.bsky.social/post/3kntuinenm323,will NEVER forget how asian journalists were not allowed to cover the incident bc of their “bias” and yet non-asian journos struggled to understand how asian surnames work,32,182,3,https://bsky.app/profile/did:plc:tenurhgjptubkk5zf5qhi3og/feed/catch-up,3/17/2024,
https://bsky.app/profile/lawyersheryl.com/post/3knto3nfhkg26,Thinking about the judge who said this week at a hearing that disabled client “has to take personal responsibility for [their] disability” and told me “if carried to its logical extreme your argument means the disabled could never be denied any life necessity on account of their disability forever.”,34,183,29,https://bsky.app/profile/did:plc:tenurhgjptubkk5zf5qhi3og/feed/catch-up,3/17/2024,
https://bsky.app/profile/notalawyer.bsky.social/post/3knts7ztby224,"just to give an example, a question like ""if the Palestinians are so interested in peace, why did they turn down the proposal at Annapolis?"" is hard to answer. but you can literally ask the same question with the parties flipped, and that's hard to answer, too",6,181,7,https://bsky.app/profile/did:plc:tenurhgjptubkk5zf5qhi3og/feed/catch-up,3/17/2024,
https://bsky.app/profile/rusty.todayintabs.com/post/3kntvqmqxhu2p,“the chinese are radicalizing the kids with tiktok” is exactly the same moral panic as “heavy metal bands are turning the kids satanist with backwards lyrics”,21,179,10,https://bsky.app/profile/did:plc:tenurhgjptubkk5zf5qhi3og/feed/catch-up,3/17/2024,
https://bsky.app/profile/rincewind.run/post/3kntu2kmjee2b,the one thing I appreciate about the Kate Middleton story is they’re doing a great job making being a part of the aristocracy look like an absolute waking nightmare the world would be better off if less people aspired to those positions,8,178,9,https://bsky.app/profile/did:plc:tenurhgjptubkk5zf5qhi3og/feed/catch-up,3/17/2024,
https://bsky.app/profile/phillewis.bsky.social/post/3kntqnr52bf2x,"As housing costs skyrocket in this Arizona city, leaders have approved a program that will allow workers to live in cars amid an affordable housing crisis",43,177,30,https://bsky.app/profile/did:plc:tenurhgjptubkk5zf5qhi3og/feed/catch-up,3/17/2024,
https://bsky.app/profile/rincewind.run/post/3kntzq7pxg52m,"much of the general public’s idea of the man is fixed on hazy memories of him being kind of a dick with a good stock market and then writing off Covid as “wow that sucked” he is far, far worse than he was in 2020 and the result this fall will depend largely on how much folks understand that",37,172,8,https://bsky.app/profile/did:plc:tenurhgjptubkk5zf5qhi3og/feed/catch-up,3/17/2024,
https://bsky.app/profile/brianklaas.bsky.social/post/3kntizxxzis23,"Here’s the thing about Pence: If Kamala Harris said she wasn’t endorsing Biden, it would be blaring headlines, weeks of commentary about Democrats in disarray, etc. This Pence news will be a blip. The press will treat it as baked in. It’s the banality of crazy.",35,170,11,https://bsky.app/profile/did:plc:tenurhgjptubkk5zf5qhi3og/feed/catch-up,3/17/2024,
https://bsky.app/profile/pkrugman.bsky.social/post/3knsutaqimd2i,"So Quinnipiac is doing swing-state polls that among other things ask people both about the state of the economy and their personal finances. Here's Michigan, but you see the same disconnect elsewhere",76,286,18,https://bsky.app/profile/did:plc:tenurhgjptubkk5zf5qhi3og/feed/catch-up,3/17/2024,
https://bsky.app/profile/pkrugman.bsky.social/post/3knsuujkgnd22,"I keep seeing claims that never mind the macro data, people's lived experience is of a bad economy. But consumer sentiment isn't a lived experience; it's a narrative, and one that is actually at odds with people's personal lives",14,170,2,https://bsky.app/profile/did:plc:tenurhgjptubkk5zf5qhi3og/feed/catch-up,3/17/2024,
https://bsky.app/profile/lamhfada.bsky.social/post/3knsu7us5hm2i,"Sally Rooney in the Irish Times on the crimes against humanity in #Gaza. . ""If Biden is refusing to leverage these same resources in order to make Israel comply with US policy, the only reasonable conclusion is that this war is already US policy."" https://www.irishtimes.com/culture/books/2024/03/16/killing-in-gaza-has-been-supported-by-irelands-good-friend-in-the-white-house/",87,167,3,https://bsky.app/profile/did:plc:tenurhgjptubkk5zf5qhi3og/feed/catch-up,3/17/2024,
https://bsky.app/profile/mmasnick.bsky.social/post/3knty3h2qye2w,"So a bigtime Republican donor took control of the ""Ruth Bader Ginsburg Women’s Leadership Award,"" removed ""Women's"" from the award name, and granted the award to Elon Musk, Rupert Murdoch, and Michael Milken?",41,166,17,https://bsky.app/profile/did:plc:tenurhgjptubkk5zf5qhi3og/feed/catch-up,3/17/2024,
https://bsky.app/profile/chantalalive.bsky.social/post/3kntip4zk7d2e,Frankly it should not be as ok for people to express that they think mentally ill people & homeless people are a problem society needs to solve by incarcerating. Because that’s wrong. It’s a tragedy of this world that this perspective is so normalized many will never question it.,54,164,3,https://bsky.app/profile/did:plc:tenurhgjptubkk5zf5qhi3og/feed/catch-up,3/17/2024,
https://bsky.app/profile/marisakabas.bsky.social/post/3knuiccqspl24,the part that actually pisses me off the most is “doomsday vision”…it’s not a vision! we’ve literally lived through it! he tried to overthrow the government!!!!,36,194,8,https://bsky.app/profile/did:plc:tenurhgjptubkk5zf5qhi3og/feed/catch-up,3/17/2024,
https://bsky.app/profile/marisakabas.bsky.social/post/3knuhvjaew324,CAUSTIC AND DISCURSIVE,77,453,27,https://bsky.app/profile/did:plc:tenurhgjptubkk5zf5qhi3og/feed/catch-up,3/17/2024,
https://bsky.app/profile/wolvendamien.bsky.social/post/3knthj24stk22,The U.S. Student Loan system is a predatory scam predicated on people being coerced to think in very particular ways about an education which should be free to begin with. Everybody get your remittance as you can.,34,164,2,https://bsky.app/profile/did:plc:tenurhgjptubkk5zf5qhi3og/feed/catch-up,3/17/2024,
https://bsky.app/profile/billcorbett.bsky.social/post/3knt3falxex2i,"Yeah it’s actually kind of amazing! And pretty recent. So I’m grateful for that. But the antivirals are still ridiculously expensive, putting them out of reach for too many people. There are organizations trying to help with that but overall it’s due to our awful, heartless healthcare system.",8,161,3,https://bsky.app/profile/did:plc:tenurhgjptubkk5zf5qhi3og/feed/catch-up,3/17/2024,
https://bsky.app/profile/emptywheel.bsky.social/post/3knsncyl6xk2h,"Given the hiring of Christina Bobb and Scott Presler and the termination of the mail in voting program at RNC, I'm beginning to think discussions of Trump ""winning"" the election are a category error.",33,160,16,https://bsky.app/profile/did:plc:tenurhgjptubkk5zf5qhi3og/feed/catch-up,3/17/2024,
https://bsky.app/profile/helenkennedy.bsky.social/post/3knu2ubr4sc26,"Matt Taibbi whines that Elon Musk, it turns out, is no free speech champion. ""He’s currently disenfranchising thousands of Substack writers, including including me. And no one seems to care in the press,” Taibbi said. I'm trying to imagine a scenario in which I could be less sympathetic.",19,162,20,https://bsky.app/profile/did:plc:tenurhgjptubkk5zf5qhi3og/feed/catch-up,3/17/2024,
https://bsky.app/profile/ellearmageddon.bsky.social/post/3kntztqkpds2q,"one of the most common long-covid symptoms is a persistent cough, which is treated by using an inhaler. people with respiratory issues aren’t the problem, a society that prioritizes capital over humans is.",28,161,6,https://bsky.app/profile/did:plc:tenurhgjptubkk5zf5qhi3og/feed/catch-up,3/17/2024,
https://bsky.app/profile/atherton.bsky.social/post/3knttpz7an22q,"To be true to its namesake, the RBG award must be given posthumously to someone who kept working until an ideological opponent could appoint their replacement, and in so doing strip away 1 to 3 rights from the population at large.",21,159,3,https://bsky.app/profile/did:plc:tenurhgjptubkk5zf5qhi3og/feed/catch-up,3/17/2024,
https://bsky.app/profile/merrittk.com/post/3kntzspsje52z,its going to be so funny when trump dies as a result of falling in the shower or choking on a piece of steak,5,150,14,https://bsky.app/profile/did:plc:tenurhgjptubkk5zf5qhi3og/feed/catch-up,3/17/2024,
https://bsky.app/profile/rincewind.run/post/3kntqhpdh4d24,"his campaign is literally just “woe is me I am the most persecuted man in the history of the world” that’s it, that’s all he’s got, and the fact that the Times and company keep pretending there’s a coherent policy stance other than revenge is infuriating",14,139,5,https://bsky.app/profile/did:plc:tenurhgjptubkk5zf5qhi3og/feed/catch-up,3/17/2024,
https://bsky.app/profile/jbouie.bsky.social/post/3knqbtrdzrz2n,that’s right. there is a lot of very good evidence that americans are just as productive with a four-day work week and much happier to boot. what’s the point of having such a wealth society if we are not going to try to benefit from it?,814,4280,146,https://bsky.app/profile/did:plc:tenurhgjptubkk5zf5qhi3og/feed/catch-up-weekly,3/17/2024,
https://bsky.app/profile/lethalityjane.bsky.social/post/3kngn4umr3z2e,"The hill I will die on is that this is not a digital problem. We don't send younger kids out to play by themselves anymore for fear of kidnapping/CPS, and those kids become teens who don't do it either. There's also a loss of third spaces for teens. Even the freaking malls require chaperones.",821,3684,195,https://bsky.app/profile/did:plc:tenurhgjptubkk5zf5qhi3og/feed/catch-up-weekly,3/17/2024,
https://bsky.app/profile/lethalityjane.bsky.social/post/3kngn7cloxu2w,There's been a huge movement towards infantilizing teenagers instead of moving them towards independence. I see a ton of people online saying how horrible it is for teens to work part time when they're in school. Having a part-time job was super common when I was a kid.,40,691,26,https://bsky.app/profile/did:plc:tenurhgjptubkk5zf5qhi3og/feed/catch-up-weekly,3/17/2024,
https://bsky.app/profile/unstablemongoose.bsky.social/post/3kngniii2gi2r,"Also, shit costs more. You’re not getting a $2 matinee anymore and the minimum wage hasn’t gone up since you still could.",5,324,1,https://bsky.app/profile/did:plc:tenurhgjptubkk5zf5qhi3og/feed/catch-up-weekly,3/17/2024,
https://bsky.app/profile/iamspacegirl.bsky.social/post/3knegcr3e3u2x,Most traditional american jobs just don’t exist anymore. No longer can I build a giant object in my yard and charge people to see it. I am not allowed to descend a waterfall in a barrel for a hefty fee. My wagon full of questionable handmade potions has been sanctioned and seized by law enforcement.,797,3621,89,https://bsky.app/profile/did:plc:tenurhgjptubkk5zf5qhi3og/feed/catch-up-weekly,3/17/2024,
https://bsky.app/profile/kashana.bsky.social/post/3kno37bon6326,"TikTok might be violating our privacy, which is why we need to make sure it’s owned by the people who think you should be tracked across state lines if you want an abortion.",1236,3298,75,https://bsky.app/profile/did:plc:tenurhgjptubkk5zf5qhi3og/feed/catch-up-weekly,3/17/2024,
https://bsky.app/profile/jbouie.bsky.social/post/3knqxnk2ils2i,"the thing about the vances, the hawleys, the cottons and the desantises is that they all have loser energy, meaning they all have politics that seem to emerge from deep seated feelings of social inadequacy and resentment toward people with the status they crave",415,3017,109,https://bsky.app/profile/did:plc:tenurhgjptubkk5zf5qhi3og/feed/catch-up-weekly,3/17/2024,
https://bsky.app/profile/chriswarcraft.bsky.social/post/3knrdpdp7xd2b,"I don’t want Supreme Court justices that are friends with each other, I want Supreme Court justices who are unflinchingly against religious fundamentalism and fascism, especially if it’s coming from their colleagues.",575,2588,38,https://bsky.app/profile/did:plc:tenurhgjptubkk5zf5qhi3og/feed/catch-up-weekly,3/17/2024,
https://bsky.app/profile/mommunism.bsky.social/post/3kneg3vwgzl2p,If JD Vance becomes vice president the blame is squarely on the shoulders of every liberal who bought Hillbilly Elegy and didn’t listen to actual people from Appalachia telling you what a fraud he was.,528,2413,56,https://bsky.app/profile/did:plc:tenurhgjptubkk5zf5qhi3og/feed/catch-up-weekly,3/17/2024,
https://bsky.app/profile/sararoseg.bsky.social/post/3knlniky53223,"JK Rowling is now claiming that the Nazis didn’t burn books on trans healthcare. In fact the Institut für Sexualwissenschaft (Institute for Sexology) was active in Berlin for 14 years until it, along with its libraries, were destroyed by the Nazis in 1933.",985,2392,37,https://bsky.app/profile/did:plc:tenurhgjptubkk5zf5qhi3og/feed/catch-up-weekly,3/17/2024,
https://bsky.app/profile/sararoseg.bsky.social/post/3knlnrllvyk2k,"It was the first of its kind in the world, with pioneering research on LGBT & intersex healthcare. It was led by Magnus Hirschfield, a dedicated campaigner for LGBT rights (who was mocked on the front cover of Der Stürmer in 1929 for his Jewish ancestry & theories on sex, gender & sexuality)",68,1003,2,https://bsky.app/profile/did:plc:tenurhgjptubkk5zf5qhi3og/feed/catch-up-weekly,3/17/2024,
https://bsky.app/profile/sararoseg.bsky.social/post/3knloepgvdk2f,"I would like, at this point, to remind people in general that denial or minimisation or Nazi crimes is a form of *Holocaust denial* As a Jewish cis woman I find this as appalling & evil when aimed at trans Holocaust victims as I would if it were aimed at my own ancestors.",164,1376,5,https://bsky.app/profile/did:plc:tenurhgjptubkk5zf5qhi3og/feed/catch-up-weekly,3/17/2024,
https://bsky.app/profile/rainsurname.bsky.social/post/3knhl3db6jt2y,"Did you know John Cena's bit at the Oscars was to support the costume designers' union, which is mostly female, which gets paid 30% less than the male-dominated departments? They may have to strike this summer, & their campaign motto is ""You're Naked Without Us.""",765,2262,18,https://bsky.app/profile/did:plc:tenurhgjptubkk5zf5qhi3og/feed/catch-up-weekly,3/17/2024,
https://bsky.app/profile/kashana.bsky.social/post/3knlxntshtk2h,"“Just because we took your rights doesn’t mean you have to like, flip out about it.”",457,2083,126,https://bsky.app/profile/did:plc:tenurhgjptubkk5zf5qhi3og/feed/catch-up-weekly,3/17/2024,
https://bsky.app/profile/mtsw.bsky.social/post/3knotbzuddk2p,"If Biden wins the Presidency but Republicans win one or both houses of Congress, there will be a major effort to make it seem like the Congressional ratification of the electoral count is a moment of high drama that has the potential to reverse the outcome. If that's the case, a coup is likely.",144,1015,25,https://bsky.app/profile/did:plc:tenurhgjptubkk5zf5qhi3og/feed/catch-up-weekly,3/17/2024,
https://bsky.app/profile/mtsw.bsky.social/post/3knote5ud6422,"Biden should make it clear as possible, as soon as possible, that any member of congress who votes to override the legal outcome of the election will be thrown out of congress and prosecuted. It's a coup and you need to treat it like one or your power will be stolen by it!",98,922,18,https://bsky.app/profile/did:plc:tenurhgjptubkk5zf5qhi3og/feed/catch-up-weekly,3/17/2024,
https://bsky.app/profile/jbouie.bsky.social/post/3knovwzjb4c2j,this is absolutely correct. one of the arguments i kept making in the aftermath of january 6 was that the attempt to turn a pro forma ceremony into a moment of real political contestation had revolutionary implications for american political life.,461,2027,28,https://bsky.app/profile/did:plc:tenurhgjptubkk5zf5qhi3og/feed/catch-up-weekly,3/17/2024,
https://bsky.app/profile/jbouie.bsky.social/post/3knovykscwk2i,it is important to emphasize again and again that the election happens in november and the only choice that matters is that of the voters. the electoral counting process has no significance outside of its procedural necessity.,168,1227,14,https://bsky.app/profile/did:plc:tenurhgjptubkk5zf5qhi3og/feed/catch-up-weekly,3/17/2024,
https://bsky.app/profile/evangreer.bsky.social/post/3knk45rdb722i,"Every Irish band booked to play SXSW has pulled out, joining the boycott in solidarity with Gaza. You love to see it",568,1986,21,https://bsky.app/profile/did:plc:tenurhgjptubkk5zf5qhi3og/feed/catch-up-weekly,3/17/2024,
https://bsky.app/profile/joshuajfriedman.com/post/3knjpith6ze2p,"The 5th Circuit grants a Texas father the right to deny his daughter access to birth control, holding that Title X does not override parents' ""right to consent to their teenagers’ obtaining contraceptives"" under state law. (via @mjsdc.bsky.social)",190,499,107,https://bsky.app/profile/did:plc:tenurhgjptubkk5zf5qhi3og/feed/catch-up-weekly,3/17/2024,
https://bsky.app/profile/coachfinstock.bsky.social/post/3knjri3xoj42x,A lawyer on Twitter got so livid with me when I asked what the point of going to law school was if the 5th Circuit purposefully misinterprets the law to fit their ideology and I stand by that,317,1955,44,https://bsky.app/profile/did:plc:tenurhgjptubkk5zf5qhi3og/feed/catch-up-weekly,3/17/2024,
https://bsky.app/profile/theradr.bsky.social/post/3knk7aq4twk24,"“Just because they’re appointing Kavanaugh doesn’t mean Roe is dead, don’t get so hysterical.” “They’re only coming for abortion, they’re never going to touch birth control”",593,1819,32,https://bsky.app/profile/did:plc:tenurhgjptubkk5zf5qhi3og/feed/catch-up-weekly,3/17/2024,
https://bsky.app/profile/vpsreports.bsky.social/post/3knpgffqs6k2a,EVERY JOURNALIST THAT RAN A “NEX COMMITTED SUICIDE” STORY SHOULD BE FIRED,687,1831,29,https://bsky.app/profile/did:plc:tenurhgjptubkk5zf5qhi3og/feed/catch-up-weekly,3/17/2024,
https://bsky.app/profile/markwaid.bsky.social/post/3knowtron3322,"Congress, why are you banning TikTok when Microsoft Teams is RIGHT THERE",365,1805,33,https://bsky.app/profile/did:plc:tenurhgjptubkk5zf5qhi3og/feed/catch-up-weekly,3/17/2024,
https://bsky.app/profile/encephalophagy.bsky.social/post/3knnot5qsut22,"My mother is a deeply religious boomer. She doesn't understand queer theory. And you know what? She doesn't need to. About trans people, she says, ""They are not hurting anyone, so who are we to stand in the way of their happiness?"" That's literally all it takes not to be asshole!",296,1769,30,https://bsky.app/profile/did:plc:tenurhgjptubkk5zf5qhi3og/feed/catch-up-weekly,3/17/2024,
https://bsky.app/profile/jgownder.bsky.social/post/3knji5ltct32a,"In a drastic attempt to protect their beachfront homes, residents in Salisbury, Massachusetts, invested $500,000 in a sand dune to defend against encroaching tides. After being completed last week, the barrier made from 14,000 tons of sand lasted just 72 hours before it was completely washed away",466,1722,266,https://bsky.app/profile/did:plc:tenurhgjptubkk5zf5qhi3og/feed/catch-up-weekly,3/17/2024,
https://bsky.app/profile/newamauta.bsky.social/post/3knf4e4w7le22,"What's not being talked about is how Lily Gladstone brought 28 Indigenous Osage singers to the Oscars to sing 'Wahzhazeh' (""A Song For My People""). For Natives it's not about the individual, it's about uplifting community",397,1700,14,https://bsky.app/profile/did:plc:tenurhgjptubkk5zf5qhi3og/feed/catch-up-weekly,3/17/2024,
https://bsky.app/profile/knilirabaj.bsky.social/post/3knlh2nv2rx2q,"RIP Breonna Taylor. Murdered by LMPD on March 13, 2020. Always say her name.",601,1650,16,https://bsky.app/profile/did:plc:tenurhgjptubkk5zf5qhi3og/feed/catch-up-weekly,3/17/2024,
https://bsky.app/profile/gonebabygone.bsky.social/post/3knj3lcnwsk2y,"Today in 1990, activists lobbying for passage of the Americans With Disabilities Act abandoned wheelchairs and other mobility aids for the ""Capitol Crawl"" up the building steps. Jennifer Keelan, an 8-year-old with cerebral palsy, told cameramen ""I'll take all night if I have to!""",554,1641,18,https://bsky.app/profile/did:plc:tenurhgjptubkk5zf5qhi3og/feed/catch-up-weekly,3/17/2024,
https://bsky.app/profile/josiah.lol/post/3knr6koe6fp26,White male fragility on display,322,1597,52,https://bsky.app/profile/did:plc:tenurhgjptubkk5zf5qhi3og/feed/catch-up-weekly,3/17/2024,
https://bsky.app/profile/secretaboutbox.bsky.social/post/3knlqwt2l322n,reskeet if the existence of trans people makes you smile,1474,1598,21,https://bsky.app/profile/did:plc:tenurhgjptubkk5zf5qhi3og/feed/catch-up-weekly,3/17/2024,
https://bsky.app/profile/kellybarnhill.bsky.social/post/3knljdq4r6m2k,"The worst thing capitalism ever did to creative people is convincing us that we don't deserve a living wage. And worse, that accepting less was our idea, actually - that insisting on fair compensation is laughable, and cringey. Guys. It's not.",522,1645,22,https://bsky.app/profile/did:plc:tenurhgjptubkk5zf5qhi3og/feed/catch-up-weekly,3/17/2024,
https://bsky.app/profile/machete.gay/post/3kngazrt44n2y,"Not to sound like some kind of trad, but one of the reasons our society is spinning apart is the cultural rejection of shame. People behaving like howling toddlers in airplanes, weird creeps photographing and filming strangers, open support for totalitarian idiots. It's shameful behavior.",286,1503,56,https://bsky.app/profile/did:plc:tenurhgjptubkk5zf5qhi3og/feed/catch-up-weekly,3/17/2024,
https://bsky.app/profile/jesseltaylor.bsky.social/post/3knp2ktkfqs2g,"I agree, trans women should not compete in sports if they count as 16 people",322,1795,63,https://bsky.app/profile/did:plc:tenurhgjptubkk5zf5qhi3og/feed/catch-up-weekly,3/17/2024,
https://bsky.app/profile/michaelhobbes.bsky.social/post/3knnwnfo6cd2m,Reminder that years of panicked news coverage about this clinic have not unearthed a single case of a minor being rushed into gender affirming care. Puberty blockers are prescribed to thousands of cis kids every year with no concern trolling about side effects or reversibility.,505,1484,17,https://bsky.app/profile/did:plc:tenurhgjptubkk5zf5qhi3og/feed/catch-up-weekly,3/17/2024,
https://bsky.app/profile/gbbranstetter.bsky.social/post/3knnswnhia42r,"1,800 cops charged with child sexual abuse in the last two decades, targeting mainly teen girls they encountered as a part of their work, according to the Washington Post. The Post leads with the story of a teen girl assaulted by a cop who was processing her rape kit from a different assault.",757,1401,37,https://bsky.app/profile/did:plc:tenurhgjptubkk5zf5qhi3og/feed/catch-up-weekly,3/17/2024,
https://bsky.app/profile/knilirabaj.bsky.social/post/3knilna5ius2f,"March 12, 1990. US Capitol Crawl. Disabled activists went up the steps of the US Capitol building without their mobility aids and devices in order to demonstrate the need for Congress to pass the Americans with Disabilities Act.",504,1390,13,https://bsky.app/profile/did:plc:tenurhgjptubkk5zf5qhi3og/feed/catch-up-weekly,3/17/2024,
https://bsky.app/profile/kashana.bsky.social/post/3knlke7yvz222,"Facebook will turn your pregnant friend over to the cops, so of course we’re only worried about TikTok.",341,1363,21,https://bsky.app/profile/did:plc:tenurhgjptubkk5zf5qhi3og/feed/catch-up-weekly,3/17/2024,
https://bsky.app/profile/murshedz.bsky.social/post/3kno66rxcbf2e,Shouldn’t this is be a major topic of discussion on all major traditional media news outlets? An oligarch controlling one of the major social media platforms with billions of taxpayer funded contracts implicating national security is enamored with race science? Where is the non stop coverage?,401,1306,45,https://bsky.app/profile/did:plc:tenurhgjptubkk5zf5qhi3og/feed/catch-up-weekly,3/17/2024,
https://bsky.app/profile/chadloder.bsky.social/post/3knmjanu2u22u,"NEW: Twitter has deleted the thread which revealed the real name of the infamous neo-Nazi comic artist known as ""StoneToss""",520,1291,50,https://bsky.app/profile/did:plc:tenurhgjptubkk5zf5qhi3og/feed/catch-up-weekly,3/17/2024,
https://bsky.app/profile/leer.bsky.social/post/3knh3k7kgg22p,"Most articles where the author complains about Covid safety boil down to ""I love thinking of myself as a compassionate person and the constant reminders that I am selfish are stressful.""",390,1287,13,https://bsky.app/profile/did:plc:tenurhgjptubkk5zf5qhi3og/feed/catch-up-weekly,3/17/2024,
https://bsky.app/profile/jbouie.bsky.social/post/3kniqsm2hz622,so basically biden had the kinds of brain farts that everyone experiences and hur spun it as if the president were senile. https://www.nytimes.com/2024/03/12/us/politics/hur-biden-memory-transcript.html,271,1282,45,https://bsky.app/profile/did:plc:tenurhgjptubkk5zf5qhi3og/feed/catch-up-weekly,3/17/2024,
https://bsky.app/profile/tomtomorrow.bsky.social/post/3knr4b7y5a22l,is it dreadfully impolite to suggest that the corrupt bribe-taking justice married to a literal insurrectionist should fucking resign,212,1251,25,https://bsky.app/profile/did:plc:tenurhgjptubkk5zf5qhi3og/feed/catch-up-weekly,3/17/2024,
https://bsky.app/profile/brendelbored.bsky.social/post/3knlzq5rffc2i,"New York Times Reporter: I am in month 7 on my report on Cobalt mining, I work 87 hours a week and have to avoid militias, my paycheck is $35,000 a year New York Times Op-Ed writer: *pauses Great British Bake-off* what a bird taught me about the deficit *click click click* submit, nice another 200k",228,1241,13,https://bsky.app/profile/did:plc:tenurhgjptubkk5zf5qhi3og/feed/catch-up-weekly,3/17/2024,
https://bsky.app/profile/cvh.bsky.social/post/3knjs3ge2zo2u,"Two tidbits: -The father suing says his daughters have never tried and have no intention of trying to get contraceptives from a title x clinic, but somehow the case still has standing -his lawyer is the architect of SB 8–texas' abortion ban",488,1238,36,https://bsky.app/profile/did:plc:tenurhgjptubkk5zf5qhi3og/feed/catch-up-weekly,3/17/2024,
https://bsky.app/profile/kevinmkruse.bsky.social/post/3knonbpmxos2e,Congrats to the Indiana business school students who will be required to read Marx now,290,1233,84,https://bsky.app/profile/did:plc:tenurhgjptubkk5zf5qhi3og/feed/catch-up-weekly,3/17/2024,
https://bsky.app/profile/xoxogossipgita.bsky.social/post/3knhb6bowze2o,I just went on a walk with my very patient husband and ranted about this at length but: the emphasis on personal choice in terms of covid safety has led to this situation where people think that you’re wearing a mask AT them,196,1219,38,https://bsky.app/profile/did:plc:tenurhgjptubkk5zf5qhi3og/feed/catch-up-weekly,3/17/2024,
https://bsky.app/profile/mtsw.bsky.social/post/3kneabcfmam2r,"Made this point before, but you can't understand conservative obsession with cartels as a pressing safety issue for Americans without understanding that cartels largely displaced ""terrorists"" as the default villain in the type of network TV cop/troop procedural they advertise on NFL games",186,1213,40,https://bsky.app/profile/did:plc:tenurhgjptubkk5zf5qhi3og/feed/catch-up-weekly,3/17/2024,
https://bsky.app/profile/gbbranstetter.bsky.social/post/3knj75qu6vn2y,Literally just the presence of a trans person at a Space Camp in Alabama has invited statements from three federal office holders,325,1205,70,https://bsky.app/profile/did:plc:tenurhgjptubkk5zf5qhi3og/feed/catch-up-weekly,3/17/2024,
https://bsky.app/profile/joshuajfriedman.com/post/3knfcdvb6t22r,"Actual Glazer quote: ""Right now, we stand here as men who refute their Jewishness and the Holocaust being hijacked by an occupation which has led to conflict for so many innocent people.""",416,1195,12,https://bsky.app/profile/did:plc:tenurhgjptubkk5zf5qhi3og/feed/catch-up-weekly,3/18/2024,
https://bsky.app/profile/golikehellmachine.bsky.social/post/3knh6zd4fv326,"once again, i am asking if there is literally anyone in the entire US government who might be interested in reevaluating our federal relationships with an executive who is being not at all subtle about his willingness to lie to tens of millions of people to influence federal elections",253,1165,48,https://bsky.app/profile/did:plc:tenurhgjptubkk5zf5qhi3og/feed/catch-up-weekly,3/18/2024,
https://bsky.app/profile/rincewind.run/post/3knjqnssmzr2a,they came for abortion they're coming for IVF they're coming for birth control it's never going to stop,393,1158,32,https://bsky.app/profile/did:plc:tenurhgjptubkk5zf5qhi3og/feed/catch-up-weekly,3/18/2024,
https://bsky.app/profile/tylerking.bsky.social/post/3knhrouyyak2z,"Eat shit, Ron. “A lawsuit settlement over Florida’s Don’t Say Gay statute announced Monday affirms that teachers and students can discuss LGBTQ+ issues and have access to related library books, largely canceling many of the impacts of the signature legislation from Republican Gov. Ron DeSantis.”",409,1107,9,https://bsky.app/profile/did:plc:tenurhgjptubkk5zf5qhi3og/feed/catch-up-weekly,3/18/2024,
https://bsky.app/profile/breelundberg.com/post/3kngwl2iigl2m,"For whoever needs to hear it today: taking precautions to avoid catching covid does NOT make you an ""anxious"" person!! It's not unreasonable to want to keep yourself/others healthy! Anyone who says you're a burden or should ""compromise"" by putting yourself at risk should go kick rocks for eternity.",341,1094,29,https://bsky.app/profile/did:plc:tenurhgjptubkk5zf5qhi3og/feed/catch-up-weekly,3/18/2024,
https://bsky.app/profile/profmusgrave.bsky.social/post/3kngl45twie23,It's not clear to me that there's a broad understanding in the American public that Ukraine may well lose and that this will be largely House Republicans' fault. I'd bet that if it does lose that Republicans will blame Biden and this will find some of an audience.,280,1091,32,https://bsky.app/profile/did:plc:tenurhgjptubkk5zf5qhi3og/feed/catch-up-weekly,3/18/2024,
https://bsky.app/profile/bachynski.bsky.social/post/3knvd764tfu2y,"“On this St. Patrick’s Day… we are appealing to the conscience of Irish America. We ask Irish Americans in their capacity as citizens, as members of cultural and benevolent societies, as political leaders, to use their influence to avert a Famine as severe as the one faced by their ancestors.”",642,1199,10,https://bsky.app/profile/did:plc:tenurhgjptubkk5zf5qhi3og/feed/catch-up-weekly,3/18/2024,
https://bsky.app/profile/bencollins.bsky.social/post/3knqlj267ld2q,"Completely maddening watching regular people I like hoovering up GOP scare bullshit with no real evidence and now excitedly endorsing a TikTok ban because it makes them appear reasonable or centrist. It’d be the first time America banned an app at this scale, a true speech issue, and it’s all vibes.",196,1086,55,https://bsky.app/profile/did:plc:tenurhgjptubkk5zf5qhi3og/feed/catch-up-weekly,3/18/2024,
https://bsky.app/profile/shengokai.bsky.social/post/3knjxmgdd4s2a,"The very concept of “pre-existing conditions” as something not covered by insurance, and therefore solely the patient’s responsibility is immoral and as close an example of institutional cruelty as I can provide. Just fucking evil.",258,1070,16,https://bsky.app/profile/did:plc:tenurhgjptubkk5zf5qhi3og/feed/catch-up-weekly,3/18/2024,
https://bsky.app/profile/junlper.bsky.social/post/3knjeikjx4w2f,i hope we can all agree that the ideal solution to the libsoftiktok problem is that in a just society she would have likely been taken care of a long time ago,70,1054,38,https://bsky.app/profile/did:plc:tenurhgjptubkk5zf5qhi3og/feed/catch-up-weekly,3/18/2024,
https://bsky.app/profile/markharris.bsky.social/post/3knjbkoqy3r2x,"Jonathan Glazer basically said, we're Jews who made a movie about the Holocaust, and Jews who use their Jewish identity or invoke the Holocaust to justify what's happening in Gaza do not speak for us. And he continues to be demonized and vilified for it. https://www.hollywoodreporter.com/movies/movie-news/jonathan-glazer-oscars-speech-condemned-holocaust-survivors-foundation-1235850275/",299,1040,24,https://bsky.app/profile/did:plc:tenurhgjptubkk5zf5qhi3og/feed/catch-up-weekly,3/18/2024,
https://bsky.app/profile/joshuafoust.com/post/3kngjtesfd22j,"One reason I don't get bent out of shape about TikTok's privacy stuff is that Americans, including the Senators and officials making noise about ByteDance, simply do not care about privacy issues. If they did, they'd pass a privacy law, not an anti-this-app-only law. It's all fake, they don't care.",305,1018,25,https://bsky.app/profile/did:plc:tenurhgjptubkk5zf5qhi3og/feed/catch-up-weekly,3/18/2024,
https://bsky.app/profile/mtsw.bsky.social/post/3knotbzuddk2p,"If Biden wins the Presidency but Republicans win one or both houses of Congress, there will be a major effort to make it seem like the Congressional ratification of the electoral count is a moment of high drama that has the potential to reverse the outcome. If that's the case, a coup is likely",144,1015,25,https://bsky.app/profile/did:plc:tenurhgjptubkk5zf5qhi3og/feed/catch-up-weekly,3/18/2024,
https://bsky.app/profile/notalawyer.bsky.social/post/3knhajqkgv22z,"the Glazer stuff should be another reminder to activists: there's really nothing you can say in support of Palestinians that won't be misconstrued and twisted. your words matter, but don't waste your time trying to placate bad faith actors",214,985,7,https://bsky.app/profile/did:plc:tenurhgjptubkk5zf5qhi3og/feed/catch-up-weekly,3/18/2024,
https://bsky.app/profile/rbreich.bsky.social/post/3kno63o53g22f,I'm not saying we shouldn't worry about how China might be using TikTok to steal our data and manipulate us... But why aren't we at least as worried about the U.S. billionaires who own the other apps stealing our data and trying to manipulate us?,269,973,48,https://bsky.app/profile/did:plc:tenurhgjptubkk5zf5qhi3og/feed/catch-up-weekly,3/18/2024,
https://bsky.app/profile/clancyny.bsky.social/post/3knh2gspnxk2a,"""Hundreds of new books featuring characters of color and LGBTQ+ themes were found by the trash at a Staten Island elementary school."" In boxes designated “not approved,” books bore Post-It notes: ""teenage girls having a crush on another girl in class"" and “negative slant on white people.”",508,949,27,https://bsky.app/profile/did:plc:tenurhgjptubkk5zf5qhi3og/feed/catch-up-weekly,3/18/2024,
https://bsky.app/profile/fleerultra.bsky.social/post/3knofganxyk2z,"a good lesson that no matter how mild and non-partisan any specific court-reform is, institutional GOP will vehemently oppose it and decry it as partisan hardball because they know they have complete control of the courts and do not want to cede an ounce of that power. you cannot avoid this fight.",319,942,13,https://bsky.app/profile/did:plc:tenurhgjptubkk5zf5qhi3og/feed/catch-up-weekly,3/18/2024,
https://bsky.app/profile/chadloder.bsky.social/post/3kneut55qut2v,"There is a large pro-Palestine protest outside the Oscars that's not being covered by the mainstream press. LAPD riot cops are out in force and shoving people with batons. @vpsreports.bsky.social @tinadesireeberg.com, Sam Braslow, and AcatWithNews are covering the protest on the Other Site.",193,408,4,https://bsky.app/profile/did:plc:tenurhgjptubkk5zf5qhi3og/feed/catch-up-weekly,3/18/2024,
https://bsky.app/profile/secretaboutbox.bsky.social/post/3knlr7zguc22r,"post trans joy, fill the timeline i saw trans women being so happy in their bodies and how beautiful they were, and eventually it overwhelmed me. after telling myself for so long how lucky they were to Do That i decided i could as well. mirrors and clothes are companions now, not adversaries.",201,930,53,https://bsky.app/profile/did:plc:tenurhgjptubkk5zf5qhi3og/feed/catch-up-weekly,3/18/2024,
https://bsky.app/profile/eladn.bsky.social/post/3knrbd6hnj42v,The reason we need to keep talking about this is that it’s not about him being a hypocrite. It’s about the fact that a major social media platform has turned into a propaganda arm of the fascist right and that freedom of speech and press is under attack on this platform and beyond.,363,924,14,https://bsky.app/profile/did:plc:tenurhgjptubkk5zf5qhi3og/feed/catch-up-weekly,3/18/2024,
https://bsky.app/profile/rincewind.run/post/3knly7zt6322w,"quite seriously, seeing so many trans people reveling in - finally - getting to be their true selves is my favorite part of this app I don't understand how anyone can look at that and want to deprive them of that chance my world is better and richer for knowing them",168,902,33,https://bsky.app/profile/did:plc:tenurhgjptubkk5zf5qhi3og/feed/catch-up-weekly,3/18/2024,
https://bsky.app/profile/ryanlcooper.com/post/3kngxbmxabd2z,"just want to re-up this. the fucking ACLU is trying to blow a giant hole in labor law, AND GET TRUMP'S GUY REAPPOINTED AS GENERAL COUNSEL, so they can get away with illegally firing someone who complained about their supervisor",487,895,32,https://bsky.app/profile/did:plc:tenurhgjptubkk5zf5qhi3og/feed/catch-up-weekly,3/18/2024,
https://bsky.app/profile/luckytran.bsky.social/post/3knglwgkla326,"4 years ago today, the WHO declared COVID a pandemic. Today, we will rightfully remember the tens of millions of people who have died. We must never forget. But we must also remember COVID is still killing, disabling, and excluding too many. We are still in a pandemic. We still need to act.",355,890,13,https://bsky.app/profile/did:plc:tenurhgjptubkk5zf5qhi3og/feed/catch-up-weekly,3/18/2024,
https://bsky.app/profile/joshuafoust.com/post/3knmafln2q42k,"Looks like the cops are going to lie about Nex. Having two common drugs people often take together in your system, Benadryl and Prozac, does not mean your death was intentional. It's dangerous to take Nyquil with Prozac, but not Benadryl. Absent more information, I would distrust their finding.",310,892,29,https://bsky.app/profile/did:plc:tenurhgjptubkk5zf5qhi3og/feed/catch-up-weekly,3/18/2024,
https://bsky.app/profile/rbreich.bsky.social/post/3knojzl5xh32g,Don't you think today would be a great day to ban members of Congress and their families from trading stocks? I do.,130,891,22,https://bsky.app/profile/did:plc:tenurhgjptubkk5zf5qhi3og/feed/catch-up-weekly,3/18/2024,
https://bsky.app/profile/normative.bsky.social/post/3knm3cftdos2r,"As others have argued, the most imminent political risk of AI isn’t so much the creation of more sophisticated disinfo, but fostering a climate where anything might be fake, therefore you have permission to believe whatever you find emotionally satisfying.",332,890,18,https://bsky.app/profile/did:plc:tenurhgjptubkk5zf5qhi3og/feed/catch-up-weekly,3/18/2024,
https://bsky.app/profile/mtsw.bsky.social/post/3knsa4bv3wg26,"That a lot of US journos seem confused by the way Elon Musk is racist is ironically an example of a lack of cross-cultural understanding. They assume he must have some idiosyncratic philosophy, rather than just ""what you'd expect a rich white guy who grew up in apartheid South Africa would believe""",175,889,17,https://bsky.app/profile/did:plc:tenurhgjptubkk5zf5qhi3og/feed/catch-up-weekly,3/18/2024,
https://bsky.app/profile/econroy.bsky.social/post/3knirhf3gal26,"If it wasn’t already clear, these anti LGBTQ laws are literally and figuratively legislative violence against queer people

https://www.washingtonpost.com/education/2024/03/12/school-lgbtq-hate-crimes-incidents/",362,874,10,https://bsky.app/profile/did:plc:tenurhgjptubkk5zf5qhi3og/feed/catch-up-weekly,3/18/2024,
https://bsky.app/profile/dell.bsky.social/post/3knkpereuc22a,"“raises concerns” sound like there’s isn’t already broad consensus that cops shouldn’t be first responders to behavioral health calls. it’s been the expert opinion for decades & frankly, you’d be hard pressed to find cops who disagree. the real story is who is keeping this dangerous practice alive?",229,855,26,https://bsky.app/profile/did:plc:tenurhgjptubkk5zf5qhi3og/feed/catch-up-weekly,3/18/2024,
https://bsky.app/profile/emily.gorcen.ski/post/3kngrwzy7uv2k,"I give a lot of folks (including sometimes Erin) a hard time about not doing enough to spread good news. But this is good news, and reflects the *actual* trend: that the vast majority of anti-LGBT bills die in committee, and that that trend held true in WV",283,848,11,https://bsky.app/profile/did:plc:tenurhgjptubkk5zf5qhi3og/feed/catch-up-weekly,3/19/2024,
https://bsky.app/profile/chimeracoder.bsky.social/post/3knj5kpczic2u,"tired: ""there are blue collar workers and white collar workers"" wired: ""there are those who get fired for failing a drug test, and those whose employers pay for their drugs""",321,843,11,https://bsky.app/profile/did:plc:tenurhgjptubkk5zf5qhi3og/feed/catch-up-weekly,3/19/2024,
https://bsky.app/profile/juliadoubleday.bsky.social/post/3knhlxhbewv2k,"I wrote about @npr.org ‘s decision to frame disabled people's ongoing exclusion from all public spaces as an annoyance to be navigated by individuals, rather than a massive civil rights violation to be challenged by the collective. https://www.thegauntlet.news/p/disabled-peoples-exclusion-from-indoor?r=223wa&utm_campaign=post&utm_medium=web",383,843,25,https://bsky.app/profile/did:plc:tenurhgjptubkk5zf5qhi3og/feed/catch-up-weekly,3/19/2024,
https://bsky.app/profile/markharris.bsky.social/post/3knf7uyywym2i,"I do think it's worth taking a moment to celebrate the fact that Kimmel's ""Isn't it past your jail time?"" and the roaring applause is exactly the kind of moment to which Trump is hypersensitive and it very likely ruined his night.",82,846,15,https://bsky.app/profile/did:plc:tenurhgjptubkk5zf5qhi3og/feed/catch-up-weekly,3/19/2024,
https://bsky.app/profile/strandjunker.bsky.social/post/3knelbsrdwc2n,"Did you know? The word “trumpery” appeared in the 15th century with the meanings “deceit” or “fraud”. 100 years later, it was being applied to objects of no value. Then in the 1900’s, it came to mean “showy but worthless”. Today, it is equated with “treasonous shitweasel”.",199,841,15,https://bsky.app/profile/did:plc:tenurhgjptubkk5zf5qhi3og/feed/catch-up-weekly,3/19/2024,
https://bsky.app/profile/ryanlcooper.com/post/3ko2hoexa322o,"real marked difference between a country with a recent experience of dictatorship and one blithely convinced It Can't Happen Here, We're Too Special and Good",563,2124,23,https://bsky.app/profile/did:plc:tenurhgjptubkk5zf5qhi3og/feed/catch-up,3/20/2024,