Link,Text,Retweets,Likes,Comments,Feed,Timestamp
https://bsky.app/profile/joshuaerlich.bsky.social/post/3knsul6pqtk2x,it really is incredible how much of the last 20 years of tech â€˜innovationâ€™ is useless bullshit that kills the environment and fucks labor,159,775,25,https://bsky.app/profile/did:plc:z72i7hdynmk6r22z27h6tvur/feed/hot-classic,3/16/2024
https://bsky.app/profile/gregpak.bsky.social/post/3knsu6pjy2227,"no thank you nfts no thank you generative ""a.i."" no thank you bitcoin no thank you blockchain no thank you no nope nah thanks i'm good",131,795,17,https://bsky.app/profile/did:plc:z72i7hdynmk6r22z27h6tvur/feed/hot-classic,3/16/2024
https://bsky.app/profile/lukeoneil47.bsky.social/post/3knst3eyt4324,My wife looks at TikTok 5 hours a day and I look at Twitter 12 hours a day and then at night we try to explain to each other the world as we perceive it through the distorted lens of our phones and I think that's nice.,42,601,15,https://bsky.app/profile/did:plc:z72i7hdynmk6r22z27h6tvur/feed/hot-classic,3/16/2024
https://bsky.app/profile/lauren.rotatingsandwiches.com/post/3knssigwvnd2q,"people say that schools should teach real life skills like how to pay your taxes or balance a checkbook. that would take a lot of time. but ""how to set up eARC on your tv for pass-through surround sound"" wouldn't even be a half day seminar",9,313,12,https://bsky.app/profile/did:plc:z72i7hdynmk6r22z27h6tvur/feed/hot-classic,3/16/2024
https://bsky.app/profile/pixelatedboat.bsky.social/post/3knsryabkfl2r,Coen Brothers? More like the Goinâ€™ Brothers - because Iâ€™m goinâ€™ to see most of their movies!,28,606,18,https://bsky.app/profile/did:plc:z72i7hdynmk6r22z27h6tvur/feed/hot-classic,3/16/2024
https://bsky.app/profile/lindaholmes.bsky.social/post/3knswslt5yt2p,"The incredibly high resource usage of these systems means that in effect, we are all being asked to pay an extraordinarily high price to subsidize at a societal level things that are (1) bad, (2) fraudulent, (3) potentially dangerous, and (4) mostly designed to further concentrate wealth.",180,579,7,https://bsky.app/profile/did:plc:z72i7hdynmk6r22z27h6tvur/feed/hot-classic,3/16/2024
https://bsky.app/profile/lindaholmes.bsky.social/post/3knswcufzss2i,"This generative technology is not good at creating useful products, but it is good at flooding algorithmic systems with crap that the algorithm will treat like useful products, and neither the generative-tech side nor the algorithm side has any particular reason to care.
",62,277,4,https://bsky.app/profile/did:plc:z72i7hdynmk6r22z27h6tvur/feed/hot-classic,3/16/2024
https://bsky.app/profile/kenwhite.bsky.social/post/3knri26gx5k25,"Despite recent news airplane travel remains far safer than car and pedestrian travel, which is rendered dangerous by an almost constant rain of items fallen off of Boeing jets",468,2350,51,https://bsky.app/profile/did:plc:tenurhgjptubkk5zf5qhi3og/feed/catch-up,3/16/2024
https://bsky.app/profile/internethippo.bsky.social/post/3knrrzek5h42v,"Rent is so stupid, yeah I have a subscription to housing",531,2576,50,https://bsky.app/profile/did:plc:tenurhgjptubkk5zf5qhi3og/feed/catch-up,3/16/2024
https://bsky.app/profile/catsofyore.bsky.social/post/3knrc7vc6gx2c,"Every time I post a photo of Francie someone tells me she's a ""Turkish Angora"". She's not. She was a stray found in a barn colony in rural Vermont. Beautiful, fluffy, white mixed breed cats exist and we don't need to pretend they're purebreds. ðŸ’«",83,1690,101,https://bsky.app/profile/did:plc:tenurhgjptubkk5zf5qhi3og/feed/catch-up,3/16/2024
https://bsky.app/profile/ernekid.bsky.social/post/3knrpatsqms2q,"In Madame Web at 39.30 minutes in you can clearly see an Amtrak locomotive painted in Amtrak's Phase V livery, which wasn't widely adopted until 2005, despite this film being set in 2003. Boy I hope someone got fired for that blunder",134,1193,35,https://bsky.app/profile/did:plc:tenurhgjptubkk5zf5qhi3og/feed/catch-up,3/16/2024
https://bsky.app/profile/jbouie.bsky.social/post/3knrfaap7jk2r,"i recently watched ZONE OF INTEREST and one of the things i think some of the reviews get wrong is that they posit the film as depicting willful blindness to atrocity but i think it is a film about how wanton cruelty can be, for some, constitutive of what they see as prosperity",91,1048,35,https://bsky.app/profile/did:plc:tenurhgjptubkk5zf5qhi3og/feed/catch-up,3/16/2024
https://bsky.app/profile/bigbigtruck.bsky.social/post/3knr46thgtc2f,Apparently Gumroad is banning all NSFW content including r18 novels and art/comics and has only given 24 hours notice. Cool shit. Anyway support independent artists and fuck puritan bootlickers,466,918,24,https://bsky.app/profile/did:plc:tenurhgjptubkk5zf5qhi3og/feed/catch-up,3/16/2024
https://bsky.app/profile/jeffgerstmann.com/post/3knrw4snwu22x,"shout out to everyone who has been going through it, which by estimation is... everyone. shout out to everyone",234,1095,17,https://bsky.app/profile/did:plc:tenurhgjptubkk5zf5qhi3og/feed/catch-up,3/17/2024
https://bsky.app/profile/beckyhammer.bsky.social/post/3knroe26jo42b,"Okay. So listen. I was at a friend's house tonight. She and her husband are in a massive fight because without discussing it with her, he installed these new doors from their living room to their back deck. The doors cost TWENTY FIVE THOUSAND DOLLARS.",68,753,318,https://bsky.app/profile/did:plc:tenurhgjptubkk5zf5qhi3og/feed/catch-up,3/17/2024
https://bsky.app/profile/lukeoneil47.bsky.social/post/3knst3eyt4324,My wife looks at TikTok 5 hours a day and I look at Twitter 12 hours a day and then at night we try to explain to each other the world as we perceive it through the distorted lens of our phones and I think that's nice.,42,565,15,https://bsky.app/profile/did:plc:tenurhgjptubkk5zf5qhi3og/feed/catch-up,3/17/2024
https://bsky.app/profile/pixelatedboat.bsky.social/post/3knsryabkfl2r,Coen Brothers? More like the Goinâ€™ Brothers - because Iâ€™m goinâ€™ to see most of their movies!,25,559,18,https://bsky.app/profile/did:plc:tenurhgjptubkk5zf5qhi3og/feed/catch-up,3/17/2024
https://bsky.app/profile/lauren.rotatingsandwiches.com/post/3knsrjsqvqx25,when i say i dream of a better world i mean i imagine a time when someone can say they already know about a subject and it stops someone about to explain it to them again,33,522,11,https://bsky.app/profile/did:plc:tenurhgjptubkk5zf5qhi3og/feed/catch-up,3/17/2024
https://bsky.app/profile/phillewis.bsky.social/post/3knt32qath22s,"A treasurer for a parent teacher association with a Maryland middle school stole nearly $29,000 students raised through a candy sale He spent it on himself and online gambling sites such as DraftKings and FanDuel, a prosecutor said",41,222,22,https://bsky.app/profile/did:plc:tenurhgjptubkk5zf5qhi3og/feed/catch-up,3/17/2024
https://bsky.app/profile/rossignol.bsky.social/post/3knthnphit622,"Daughter downloaded a papercraft project from the internet and asked me for help. It confounded me, too. I paused, baffled. How do iâ€” and it's Ai, of course it is. Looks plausible, actually pure gibberish in pictorial form.",116,500,8,https://bsky.app/profile/did:plc:tenurhgjptubkk5zf5qhi3og/feed/catch-up,3/17/2024
https://bsky.app/profile/pixelatedboat.bsky.social/post/3knrzoc5lfc2r,Entering my persuadable era. I will believe ANY conspiracy theory about Princess Kate or the guy Boeing killed. Iâ€™m much happier this way,82,921,39,https://bsky.app/profile/did:plc:tenurhgjptubkk5zf5qhi3og/feed/catch-up,3/17/2024
https://bsky.app/profile/rincewind.run/post/3kntowvrkyg2g,"the four year old, trying to convince me to let him watch Star Wars, after I told him there are bad guys who shoot people and it would be scary: â€œthatâ€™s okay, Iâ€™ll say â€˜darn it bad guys, donâ€™t do thatâ€™ and hide in your shirtâ€ it absolutely is too scary for him but damn buddy thatâ€™s a good try",19,484,47,https://bsky.app/profile/did:plc:tenurhgjptubkk5zf5qhi3og/feed/catch-up,3/17/2024
https://bsky.app/profile/cait.bsky.social/post/3knt7cft32e24,"as i have always said, ""nice"" and ""kind"" are two entirely different things and now i am adding ""polite"" to that list. some of you are none of those",51,441,21,https://bsky.app/profile/did:plc:tenurhgjptubkk5zf5qhi3og/feed/catch-up,3/17/2024
https://bsky.app/profile/tkingfisher.bsky.social/post/3kntf5zvd6x2l,"We are bellied up to the bar at the airport waiting for the flight and someone has the opening whistle and wah-wah-wahhh of the theme to The Good, The Bad, And The Ugly as their alert sound. And someone keeps texting them. I love Ennio Morricone, but may require bail.",17,437,33,https://bsky.app/profile/did:plc:tenurhgjptubkk5zf5qhi3og/feed/catch-up,3/17/2024
https://bsky.app/profile/theabigailthorn.bsky.social/post/3kntvbg3a3322,"Got recognised today by a sweet older couple who said their daughter introduced them to my work and they were so happy because â€œYou inspired herâ€ ðŸ¥¹ It was such a lovely moment, Iâ€™m so glad to have contributed a little to that happy family",12,498,5,https://bsky.app/profile/did:plc:tenurhgjptubkk5zf5qhi3og/feed/catch-up,3/17/2024
https://bsky.app/profile/zitron.bsky.social/post/3kntj6lvtx42i,"I really wish more people watched Andy Samberg's Popstar: Never Stop Never Stopping. It's the best comedy documentary since spinal tap, and has multiple very good/very funny songs",21,410,51,https://bsky.app/profile/did:plc:tenurhgjptubkk5zf5qhi3og/feed/catch-up,3/17/2024
https://bsky.app/profile/garius.bsky.social/post/3knsii7lpjo25,"The darkness seeps under the door. It rolls towards me. ""Mine."" The voice is from the foot of the bed. The darkness pauses. ""MINE"" I realize my cat's eyes are open. Glowing. The darkness retreats. ""Mine."" He mutters, as the darkness disappears. He closes his eyes and begins snoring gently again",81,400,7,https://bsky.app/profile/did:plc:tenurhgjptubkk5zf5qhi3og/feed/catch-up,3/17/2024
https://bsky.app/profile/nkjemisin.bsky.social/post/3knswvmlf422q,Wow. Sharing a list with so many of my own literary heroes is a high honor! The Fifth Season is on the Atlantic's list of Great American Novels: https://www.theatlantic.com/books/archive/2024/03/best-books-american-fiction/677479/,34,385,19,https://bsky.app/profile/did:plc:tenurhgjptubkk5zf5qhi3og/feed/catch-up,3/17/2024
https://bsky.app/profile/esqueer.bsky.social/post/3knt7cwvifc2y,My Twitter account has been suspended for 7 days solely for posting screenshots of other tweets that contain the name Hans Kristian Graebener.,60,372,34,https://bsky.app/profile/did:plc:tenurhgjptubkk5zf5qhi3og/feed/catch-up,3/17/2024
https://bsky.app/profile/ryanlcooper.com/post/3knt7p4omys2j,"the thing about Bari Weiss is sheâ€™s a lying sack of shit

https://www.theunpopulist.net/p/the-war-on-the-woke-trumps-the-truth",44,349,18,https://bsky.app/profile/did:plc:tenurhgjptubkk5zf5qhi3og/feed/catch-up,3/17/2024
https://bsky.app/profile/tylerhuckabee.bsky.social/post/3kntjppn3yn2v,"incredible. rob reiner got fred savage to whine ""is this a kissing book?"" right out of the gates as a way of lowering the media literacy hoop to five feet for even the dullest viewer and pastor steve camp still airballed it.",37,375,59,https://bsky.app/profile/did:plc:tenurhgjptubkk5zf5qhi3og/feed/catch-up,3/17/2024
https://bsky.app/profile/m1randa.bsky.social/post/3knrmizpbum2h,not now sweetie mommy's locked in,45,347,17,https://bsky.app/profile/did:plc:tenurhgjptubkk5zf5qhi3og/feed/catch-up,3/17/2024
https://bsky.app/profile/rem.postes.club/post/3knt6owr3ft2e,the challenge of dudes is that when they rock they rock but when they do not rock it is very bad,74,354,9,https://bsky.app/profile/did:plc:tenurhgjptubkk5zf5qhi3og/feed/catch-up,3/17/2024
https://bsky.app/profile/notalawyer.bsky.social/post/3kntrz53f2q2i,"i watched a few snippets of the Finkelstein/Destiny debate, and my main takeaway is that debatenerds like Destiny or Ben Shapiro are mostly good at coming up with gotcha questions where the correct answer is very complex and therefore looks a bit evasive",20,365,19,https://bsky.app/profile/did:plc:tenurhgjptubkk5zf5qhi3og/feed/catch-up,3/17/2024
https://bsky.app/profile/nycsouthpaw.bsky.social/post/3kntaaxglc22l,"Musk is building a $1.8 billion network of classified spy satellites for the US government, Reuters reports.

https://www.reuters.com/technology/space/musks-spacex-is-building-spy-satellite-network-us-intelligence-agency-sources-2024-03-16/",83,351,54,https://bsky.app/profile/did:plc:tenurhgjptubkk5zf5qhi3og/feed/catch-up,3/17/2024
https://bsky.app/profile/nameshiv.bsky.social/post/3knsvvfel6s23,You can always tell the diff between ppl who have spent time around small kids and those who have not because those that have not seem to think of kids as tiny humans with normal logical brains and those who have see them as tiny humans capable of a 40 min meltdown because the ant went underground,30,319,14,https://bsky.app/profile/did:plc:tenurhgjptubkk5zf5qhi3og/feed/catch-up,3/17/2024
https://bsky.app/profile/kevinmkruse.bsky.social/post/3kntnyj44db2d,"Of all the bad edits George Lucas made in the rerelease of the original Star Wars trilogy, I think the choice to have Jabba the Hutt repeatedly yell â€œJabba Dabba Doo!â€ has aged the worst",16,340,27,https://bsky.app/profile/did:plc:tenurhgjptubkk5zf5qhi3og/feed/catch-up,3/17/2024
https://bsky.app/profile/tkingfisher.bsky.social/post/3knsun2ioof2h,"Good morning, internet! Despite whistling, 13 copies of a John Deere tractor puzzle, and at least one guest who would not stop talking about pigs, most of us have arrived safely in port! My frequent offerings of tequila to Poseidon may or may not have helped.",4,323,10,https://bsky.app/profile/did:plc:tenurhgjptubkk5zf5qhi3og/feed/catch-up,3/17/2024
https://bsky.app/profile/kilgoretrout.bsky.social/post/3knts2cfxms27,"may â€˜23: kid asks if he can bring home a couple classroom guppies june â€˜23: I now have approximately 3 million guppies in a five gallon tank also june â€˜23: 55 gal tank, reddit is single-handedly keeping every fish alive march â€˜23: I have gone insane and installed dual fluval 307 canister filters",14,346,27,https://bsky.app/profile/did:plc:tenurhgjptubkk5zf5qhi3og/feed/catch-up,3/17/2024
https://bsky.app/profile/mtsw.bsky.social/post/3kntaahklhu2u,"People are always surprised when I tell them how frequently post-production data transfers are ""fedex a hard drive to someone""",43,307,25,https://bsky.app/profile/did:plc:tenurhgjptubkk5zf5qhi3og/feed/catch-up,3/17/2024
https://bsky.app/profile/ironspike.bsky.social/post/3knu4df74z22m,"My final goal re: my Japanese lessons is to go to Japan with a pathetic-but-endearing command of the language, comparable to a bright second-grader's, so people instantly feel the need to be very gentle with me/praise me for my good-natured incompetence",10,319,27,https://bsky.app/profile/did:plc:tenurhgjptubkk5zf5qhi3og/feed/catch-up,3/17/2024
https://bsky.app/profile/friede.bsky.social/post/3kntkevzxls2n,"I am proud of all of my former students, who have taken so many fascinating and wonderful paths. But right now I just ate a cookie by two of my former students who now own a bakery, and they are currently my most favorite of all time.",8,302,3,https://bsky.app/profile/did:plc:tenurhgjptubkk5zf5qhi3og/feed/catch-up,3/17/2024
https://bsky.app/profile/lauren.rotatingsandwiches.com/post/3knssigwvnd2q,"people say that schools should teach real life skills like how to pay your taxes or balance a checkbook. that would take a lot of time. but ""how to set up eARC on your tv for pass-through surround sound"" wouldn't even be a half day seminar",10,300,12,https://bsky.app/profile/did:plc:tenurhgjptubkk5zf5qhi3og/feed/catch-up,3/17/2024
https://bsky.app/profile/brooklynmarie.bsky.social/post/3knt76pvh6l2k,Today I have to go to the memorial of a childhood friend who stayed my friend into adulthood and then after he died I found out a bunch of stuff he had done to women after using my name to build trust and a bunch of old friends are going to be there and I simply cannot wait to get home to my crows,2,297,43,https://bsky.app/profile/did:plc:tenurhgjptubkk5zf5qhi3og/feed/catch-up,3/17/2024
https://bsky.app/profile/hypervisible.bsky.social/post/3knt6poe6ic2l,"The researchers â€œfound that, as language models grow, covert racism increases. Ethical guardrails, they learned, simply teach language models to be more discreet about their racial biases.â€",148,298,16,https://bsky.app/profile/did:plc:tenurhgjptubkk5zf5qhi3og/feed/catch-up,3/17/2024
https://bsky.app/profile/abbycohenwl.bsky.social/post/3knt6xtspyd2e,[sucking on a chili dog] If only someone would write a song about this,69,292,19,https://bsky.app/profile/did:plc:tenurhgjptubkk5zf5qhi3og/feed/catch-up,3/17/2024
https://bsky.app/profile/seantcollins.bsky.social/post/3kntpmgjm7k23,â€œTHIS is the WEAPON of the ENEMY.â€ Batman breaks a Bluesky screenshot of some Twitter randoâ€™s shitty opinion in half with his hands. â€œWe do not NEED it. We will not USE it.â€,105,470,4,https://bsky.app/profile/did:plc:tenurhgjptubkk5zf5qhi3og/feed/catch-up,3/17/2024
https://bsky.app/profile/alexandraerin.com/post/3kntmi4rzqi2a,"Literally an illustrative celebration of strong patrilineal family bonds and male role models used as a framing device for a heterosexual love story that valorizes the strength, cunning, and fighting prowess of the heroes but it's somehow too gay",44,280,18,https://bsky.app/profile/did:plc:tenurhgjptubkk5zf5qhi3og/feed/catch-up,3/17/2024
https://bsky.app/profile/scalzi.com/post/3kntditajde2r,My flight was delayed and then we were rebooked on a flight to an entirely different airport with an additional connecting flight that won't get us home until tomorrow. We're going to that new airport and then renting a car so we can get home before sunrise.,1,270,23,https://bsky.app/profile/did:plc:tenurhgjptubkk5zf5qhi3og/feed/catch-up,3/17/2024
https://bsky.app/profile/jonrosenberg.bsky.social/post/3knt3tv3fwt2q,"It's hard living halfway through history, in the void between the inevitably disappointing past and the impossible promise of the future. That's why we're all insane now",59,260,10,https://bsky.app/profile/did:plc:tenurhgjptubkk5zf5qhi3og/feed/catch-up,3/17/2024
https://bsky.app/profile/lindaholmes.bsky.social/post/3knswcufzss2i,"This generative technology is not good at creating useful products, but it is good at flooding algorithmic systems with crap that the algorithm will treat like useful products, and neither the generative-tech side nor the algorithm side has any particular reason to care.",59,260,4,https://bsky.app/profile/did:plc:tenurhgjptubkk5zf5qhi3og/feed/catch-up,3/17/2024
https://bsky.app/profile/thev.bsky.social/post/3knsonj5pf224,Have You Been Affected By The Mysterious Persistent Cough That Has Nothing To Do With The Respiratory Virus That We Try Not To Mention?,82,252,2,https://bsky.app/profile/did:plc:tenurhgjptubkk5zf5qhi3og/feed/catch-up,3/17/2024
https://bsky.app/profile/lindaholmes.bsky.social/post/3knswfyabn22j,"It should be damaging to any marketplace that sells this â€œcoobook.â€ It should get you tagged as a ripoff outlet. But everybody so far seems prepared to treat this like we do with endless efforts to scam people online: â€œOh well, just get used to it.â€",52,247,8,https://bsky.app/profile/did:plc:tenurhgjptubkk5zf5qhi3og/feed/catch-up,3/17/2024
https://bsky.app/profile/actualandyrichter.bsky.social/post/3kntbmc3wkt2a,Happy early St. Patrickâ€™s Day to all those who will be sheltering in place!,27,246,8,https://bsky.app/profile/did:plc:tenurhgjptubkk5zf5qhi3og/feed/catch-up,3/17/2024
https://bsky.app/profile/chucktingle.bsky.social/post/3kntf2owugs2q,"exciting thing about horror novel chuck is working on now is that for first time i need to actually TRAVEL SOMEWHERE for research and
how dang cool to say 'yes i am here for research on my new book' thats the dream of many buds i think. it is close little jaunt but still very fun",6,240,2,https://bsky.app/profile/did:plc:tenurhgjptubkk5zf5qhi3og/feed/catch-up,3/17/2024
https://bsky.app/profile/rincewind.run/post/3kns5cpzyyd2r,"I finally got around to seeing Barbie I was not expecting a world changing movie, and I didnâ€™t get one, but you know what, that was pretty fun and that isâ€¦ Kenough *boos, jeers, thrown tomatoes*",2,235,7,https://bsky.app/profile/did:plc:tenurhgjptubkk5zf5qhi3og/feed/catch-up,3/17/2024
https://bsky.app/profile/its.cassie.baby/post/3kntjyscy5n2v,reminder to everyone that the good trannies u like can see how u talk about the bad trannies u don't like,53,239,8,https://bsky.app/profile/did:plc:tenurhgjptubkk5zf5qhi3og/feed/catch-up,3/17/2024
https://bsky.app/profile/kilgoretrout.bsky.social/post/3kntt5cgf6k25,know what I wanted to know in life about fishtanks? nothing. jack shit. could have died happy in ignorance. now Iâ€™m doing water & medium changes like Iâ€™m defusing a homemade bomb so I donâ€™t accidentally murder a billion bacteria and crash the nitrogen cycle,10,241,21,https://bsky.app/profile/did:plc:tenurhgjptubkk5zf5qhi3og/feed/catch-up,3/17/2024
https://bsky.app/profile/tomtomorrow.bsky.social/post/3kntijqusvs2r,"There's a commenter on DK who pops up every week or two to say ""Sparky is no Opus!"" and it's like, ok buddy, it's true, these are two entirely different comics that both happen to feature penguins. Do you pop up in Garfield comments shouting ""This is no Heathcliff!""",7,234,29,https://bsky.app/profile/did:plc:tenurhgjptubkk5zf5qhi3og/feed/catch-up,3/17/2024
https://bsky.app/profile/nameshiv.bsky.social/post/3knsvay72kk22,watched someone promise to hold someone else's place in line while they dashed off to get something then pretend the exchange never happened when they got back & I dunno what kind of soft ways you have here but in my country you'd have been taken out back and beaten to death by the whole store buddy,12,227,5,https://bsky.app/profile/did:plc:tenurhgjptubkk5zf5qhi3og/feed/catch-up,3/17/2024
https://bsky.app/profile/mmasnick.bsky.social/post/3kntbjfyh7t2a,"Yup. The problem is always people. But people hate that. So they want to blame an ""algorithm"" because that sounds scary.",41,228,18,https://bsky.app/profile/did:plc:tenurhgjptubkk5zf5qhi3og/feed/catch-up,3/17/2024
https://bsky.app/profile/mondomascots.bsky.social/post/3kntwnnbyzx2t,"Emuemu-san, an expressionless egg-shaped seagull, is the mascot of the Minatomirai train line in Yokohama, Japan.",38,227,1,https://bsky.app/profile/did:plc:tenurhgjptubkk5zf5qhi3og/feed/catch-up,3/17/2024
https://bsky.app/profile/amalelmohtar.com/post/3kntqlaet2j2a,Was out & about with my sister today & paused to delight in some sparrows & she asked when Iâ€™d gotten really into birds & I started to say something glib about how it sneaks up on you in middle age & she said â€œno but when did birds become like therapy to youâ€ & Iâ€™m still recovering,14,225,13,https://bsky.app/profile/did:plc:tenurhgjptubkk5zf5qhi3og/feed/catch-up,3/17/2024
https://bsky.app/profile/gabino.bsky.social/post/3knt53kzb2s2b,"Remember: When you read a book, write a book, buy a book, hold a book, smell a book, get a book from the library, look at books, or talk about books, your body releases booxytocin, which makes you feel better and live longer. Get more books. Theyâ€™re good for you. Itâ€™s science.",71,223,8,https://bsky.app/profile/did:plc:tenurhgjptubkk5zf5qhi3og/feed/catch-up,3/17/2024
https://bsky.app/profile/rincewind.run/post/3kntgzothvp2q,one of the things that sucks about working in tech isâ€¦ I donâ€™t want to be a techno-pessimist! I really wish I could feel optimistic and happy about the future weâ€™re building but itâ€™s hard not to look around and feel like all of the money and energy is being poured into making the world worse,41,223,13,https://bsky.app/profile/did:plc:tenurhgjptubkk5zf5qhi3og/feed/catch-up,3/17/2024
https://bsky.app/profile/astrokatie.com/post/3kntc4ibc3322,"Without SpaceX rockets, NASA astronauts can only go to the ISS on the Soyuz. I suspect if any restrictions are placed on any of Muskâ€™s government contracts, it could force a complete reliance on Roscosmos for US human spaceflight. Which might not be desirable for several reasons.",19,220,30,https://bsky.app/profile/did:plc:tenurhgjptubkk5zf5qhi3og/feed/catch-up,3/17/2024
https://bsky.app/profile/xoxogossipgita.bsky.social/post/3knubczrxdt2i,If Goku was in Dune it would have gone down different,36,238,13,https://bsky.app/profile/did:plc:tenurhgjptubkk5zf5qhi3og/feed/catch-up,3/17/2024
https://bsky.app/profile/cait.bsky.social/post/3knu3yxy66u24,"the cat is asleep in ""suitcase bed"" which is what we call this old samsonite suitcase we found in the dumpster and piled blankets into, because we are insane",3,217,12,https://bsky.app/profile/did:plc:tenurhgjptubkk5zf5qhi3og/feed/catch-up,3/17/2024
https://bsky.app/profile/porkchophair.bsky.social/post/3knsz2eo74o22,My first day in hell I accidentally bump into the meteor that killed the dinosaurs in the cafeteria. Everyone gasps. Satan drops his fork.,54,215,9,https://bsky.app/profile/did:plc:tenurhgjptubkk5zf5qhi3og/feed/catch-up,3/17/2024
https://bsky.app/profile/pairofclaws.bsky.social/post/3knszuwxg2s2h,"Burying my gays, watering them, applying fertilizer, keeping them in partial sun, harvesting them in autumn so I have enough gays to get me through the winter.",50,211,6,https://bsky.app/profile/did:plc:tenurhgjptubkk5zf5qhi3og/feed/catch-up,3/17/2024
https://bsky.app/profile/catbus.bsky.social/post/3kns3uoaf3i2i,this is like watching a group of three year olds discuss the potential risks if the Teletubbies escaped the teevee screen,12,210,4,https://bsky.app/profile/did:plc:tenurhgjptubkk5zf5qhi3og/feed/catch-up,3/17/2024
https://bsky.app/profile/womensart1.bsky.social/post/3knslk23gk52w,"Gina Kiel is an award winning artist based in Wellington, New Zealand #womensart",25,209,1,https://bsky.app/profile/did:plc:tenurhgjptubkk5zf5qhi3og/feed/catch-up,3/17/2024
https://bsky.app/profile/kimhu.bsky.social/post/3knt2i6t4km2c,"I KNOWWWW.. no talk of the other place, but I just learned that TwiX is removing the Likes and RT counter on posts in a transparent attempt to soothe the bluechecks whining about the non engagement and I am laughing so loud.",21,208,15,https://bsky.app/profile/did:plc:tenurhgjptubkk5zf5qhi3og/feed/catch-up,3/17/2024
https://bsky.app/profile/juniorhoncho.bsky.social/post/3knsu5ok6v22q,brian wilson (psychologically shattered): it's so fun eating your vegables,34,207,4,https://bsky.app/profile/did:plc:tenurhgjptubkk5zf5qhi3og/feed/catch-up,3/17/2024
https://bsky.app/profile/lukeoneil47.bsky.social/post/3kntrt7opp62r,"Neil Young is sincerely so good man. It's like here's one of the most devastating songs you will ever hear, you will never forget it your entire life, he can't really sing and the guitar solo is the worst thing you've ever heard.",21,214,25,https://bsky.app/profile/did:plc:tenurhgjptubkk5zf5qhi3og/feed/catch-up,3/17/2024
https://bsky.app/profile/prufrockluvsong.bsky.social/post/3kntpdn7ewc26,Them: if you could be any animal wha- Me: rotisserie chicken,56,210,9,https://bsky.app/profile/did:plc:tenurhgjptubkk5zf5qhi3og/feed/catch-up,3/17/2024
https://bsky.app/profile/scumbelievable.bsky.social/post/3kntc7sey6p25,"my boyfriend's four-year-old had a nightmare about the skull crawler from KONG: SKULL ISLAND and woke up at 2am, and when bf asked if maybe he was watching too much King Kong, he hollered ""NOOO, GODZILLA IS GOOD FOR ME, AND SO IS KONG!!""",13,205,9,https://bsky.app/profile/did:plc:tenurhgjptubkk5zf5qhi3og/feed/catch-up,3/17/2024
https://bsky.app/profile/premeemohamed.com/post/3knuanjgw4l22,"Please enjoy your very last look at Fiasco the cat, RIP, who just jumped up onto my desk, licked my raspberry danish, and ran into the hallway as if that was some kind of escape I am going to make him into a HAT",8,236,26,https://bsky.app/profile/did:plc:tenurhgjptubkk5zf5qhi3og/feed/catch-up,3/17/2024
https://bsky.app/profile/clairewillett.bsky.social/post/3kntjz2ev432z,the lorem ipsum-ification of all our media because of AI trash is so maddening,54,204,5,https://bsky.app/profile/did:plc:tenurhgjptubkk5zf5qhi3og/feed/catch-up,3/17/2024
https://bsky.app/profile/restingdinoface.bsky.social/post/3knsxeltlvg24,"We shouldnâ€™t be making new megafauna while the species already here are so imperiled, whether itâ€™s giant trophy sheep or woolly mammoths. My latest for Slate.",69,201,11,https://bsky.app/profile/did:plc:tenurhgjptubkk5zf5qhi3og/feed/catch-up,3/17/2024
https://bsky.app/profile/mayawest.online/post/3knu2ati2zk2c,"Over 1,000 private jets were flown to the SuperBowl.",46,205,4,https://bsky.app/profile/did:plc:tenurhgjptubkk5zf5qhi3og/feed/catch-up,3/17/2024
https://bsky.app/profile/trans.bsky.social/post/3kns5og44wd23,iâ€™m a single issue voter & my single issue is that iâ€™m drunk.,18,196,11,https://bsky.app/profile/did:plc:tenurhgjptubkk5zf5qhi3og/feed/catch-up,3/17/2024
https://bsky.app/profile/tkingfisher.bsky.social/post/3kn73cleu5i2i,"In line at the TSA. They have screened my bag three times now, but rather than open it, they keep x-raying it in hope the answer will change.",22,551,40,https://bsky.app/profile/did:plc:tenurhgjptubkk5zf5qhi3og/feed/catch-up,3/17/2024
https://bsky.app/profile/tkingfisher.bsky.social/post/3kn73hc2wrt2r,"ME: So whatâ€™s the weirdest thing you ever pulled, and was it a sex you? TSA GUY: Nah, I stopped pulling those. You wave it around and say â€œWho does this belong to?â€ and of course nobodyâ€™s gonna claim it.",1,245,17,https://bsky.app/profile/did:plc:tenurhgjptubkk5zf5qhi3og/feed/catch-up,3/17/2024
https://bsky.app/profile/amyhoy.bsky.social/post/3knt5dgqdr42k,"i was once telling the guy opening my bag that i know it's weird but i had a good reason for the large container of salt, and he said ""don't worry, that's not that weird."" me: what kinds of things *are* weird? him: one time i opened up a carry-on and it was full of lobsters. live lobsters.",18,195,12,https://bsky.app/profile/did:plc:tenurhgjptubkk5zf5qhi3og/feed/catch-up,3/17/2024
https://bsky.app/profile/pardoguerra.bsky.social/post/3knu6hlwo422n,Youâ€™d be surprised to know there was an Irish battalion that fought against the US army when they invaded Mexico in 1846. This burrito is tradition! https://en.m.wikipedia.org/wiki/Saint_Patrick%27s_Battalion,49,206,9,https://bsky.app/profile/did:plc:tenurhgjptubkk5zf5qhi3og/feed/catch-up,3/17/2024
https://bsky.app/profile/joshgondelman.bsky.social/post/3kntk7ajpdm2k,The name â€œBoeingâ€ makes so much sense now considering itâ€™s basically the sound of something hitting the ground and bouncing.,18,192,4,https://bsky.app/profile/did:plc:tenurhgjptubkk5zf5qhi3og/feed/catch-up,3/17/2024
https://bsky.app/profile/profmusgrave.bsky.social/post/3knudi2la4u2r,"If youâ€™re cold, theyâ€™re cold. Bring your spies in",31,197,5,https://bsky.app/profile/did:plc:tenurhgjptubkk5zf5qhi3og/feed/catch-up,3/17/2024
https://bsky.app/profile/charliejane.bsky.social/post/3kntojyhnhs2u,"I love using words slightly wrong. Like, I just wrote that the setting sun ""emblazons"" the ocean. It's not quite what that word ""emblazon"" means, but close enough â€” plus it has ""blaze"" in it so it's wordplay. Using words incorrectly is awesome. #amwriting",12,178,20,https://bsky.app/profile/did:plc:tenurhgjptubkk5zf5qhi3og/feed/catch-up,3/17/2024
https://bsky.app/profile/premeemohamed.com/post/3kntoprggtl2u,"THANK YOU CHARLIE JANE I DO THIS ALL THE TIME Most recently, I got into a minor scuffle with the copyeditor of THE BUTCHER OF THE FOREST about this! They were like ""This should be 'tiled'"" (for a wall covered with skulls) and I was like ""I SAID PAVED, STET."" Because --",20,189,13,https://bsky.app/profile/did:plc:tenurhgjptubkk5zf5qhi3og/feed/catch-up,3/17/2024
https://bsky.app/profile/marshwort.bsky.social/post/3kns2pzdkcl26,"i was a closeted 15 year old comics nerd when ""A Game of You"" was first coming out in 199?, and Wanda was the first person i'd ever seen in anything who made being trans seem normal, believable, human, not a punchline. she even had a big chin like me! ðŸ¤¯ so hey @neilhimself.neilgaiman.com thank you!",10,189,2,https://bsky.app/profile/did:plc:tenurhgjptubkk5zf5qhi3og/feed/catch-up,3/17/2024
https://bsky.app/profile/iboudreau.bsky.social/post/3kntbb7itdh2l,"For an extra $45, you get our Comfort Bolt upgrade, which includes a spare bolt you can install on the fuselage panel in your seating row",35,188,4,https://bsky.app/profile/did:plc:tenurhgjptubkk5zf5qhi3og/feed/catch-up,3/17/2024
https://bsky.app/profile/xoxogossipgita.bsky.social/post/3knrz5izukv2n,I need to go to bed but despite missing some people from twitter todayâ€™s posting experience on this site was super nice and anecdotally Iâ€™ve gotten way more traction on my writing here than other platforms. Much to think about.,1,188,8,https://bsky.app/profile/did:plc:tenurhgjptubkk5zf5qhi3og/feed/catch-up,3/17/2024
https://bsky.app/profile/blakeprof.bsky.social/post/3kntcx3hqx323,Getting ready for my 5 y/oâ€™s birthday party tomorrow: â€œThis business will get out of control. It will get out of control and weâ€™ll be lucky to get through it.â€,24,592,17,https://bsky.app/profile/did:plc:tenurhgjptubkk5zf5qhi3og/feed/catch-up,3/17/2024
https://bsky.app/profile/kenwhite.bsky.social/post/3kntdez6eas2o,My daughter is turning 21 and for her party is going to Vegas with four of her friends. Would you like to trade anxieties?,1,183,27,https://bsky.app/profile/did:plc:tenurhgjptubkk5zf5qhi3og/feed/catch-up,3/17/2024
https://bsky.app/profile/propcazhpm.bsky.social/post/3knsia7ym2o2v,"It's not harmless. Diabetes is a serious, life-threatening disease. Slapping together this book with AI is bad enough. But for someone at a hospital to purchase this garbage book for patients who are desperate to manage their disease is incompetence bordering on malpractice. It's immoral.",23,185,3,https://bsky.app/profile/did:plc:tenurhgjptubkk5zf5qhi3og/feed/catch-up,3/17/2024
https://bsky.app/profile/wolfyama.bsky.social/post/3kntqgzunkk2s,"â€œHey dude, lookat my wood!!â€",10,185,8,https://bsky.app/profile/did:plc:tenurhgjptubkk5zf5qhi3og/feed/catch-up,3/17/2024
https://bsky.app/profile/jbouie.bsky.social/post/3knsy3i6gwk2z,a self-conception as a brilliant person is a very brittle foundation for a career in writing and public discourse and my hunch is that he is on a straightforward trajectory to reactionary crank once he is basically replaced by someone younger and even less scrupulous,11,181,3,https://bsky.app/profile/did:plc:tenurhgjptubkk5zf5qhi3og/feed/catch-up,3/17/2024
https://bsky.app/profile/shoegaze-dad.bsky.social/post/3kns5agfxfk2o,Every dude who claims they're part of the master race looks like a Game Stop assistant manager who spends all their free time dming AI girls on Instagram,22,179,6,https://bsky.app/profile/did:plc:tenurhgjptubkk5zf5qhi3og/feed/catch-up,3/17/2024
https://bsky.app/profile/gonebabygone.bsky.social/post/3knttvqsy3e2a,"All of these peopleâ€™s ideas about the culture theyâ€™ve lost to wokeness is based on ads and movies so when they see boobs theyâ€™re like â€œwow, like from a beer ad!â€",18,182,3,https://bsky.app/profile/did:plc:tenurhgjptubkk5zf5qhi3og/feed/catch-up,3/17/2024
https://bsky.app/profile/lookitup.baby/post/3knrzbrrqun24,"just had one tell me to untuck my cock and balls. hell yeah, brother! Iâ€™ll get right on that",10,180,5,https://bsky.app/profile/did:plc:tenurhgjptubkk5zf5qhi3og/feed/catch-up,3/17/2024
https://bsky.app/profile/jeffgerstmann.com/post/3knu6hlng7c2r,"My daughter spent most of our story time tonight telling me about â€œthe bone doctor,â€ who comes in the night and takes your bones when they become too small for your body. He replaces them with new bones and you get coins, chocolate coins, or trinkets for your trouble. Seems like a reasonable trade.",17,210,18,https://bsky.app/profile/did:plc:tenurhgjptubkk5zf5qhi3og/feed/catch-up,3/17/2024
https://bsky.app/profile/notalawyer.bsky.social/post/3kntshvvg6s2h,"the in-person, pitter-patter debate format is just completely detached from what it aspires to be, and it's a waste of time for scholars to engage in it, especially with the younger generation of ""debaters"" who built their careers around popping up in YouTube compilations",17,242,6,https://bsky.app/profile/did:plc:tenurhgjptubkk5zf5qhi3og/feed/catch-up,3/17/2024
https://bsky.app/profile/brendelbored.bsky.social/post/3knu6bmjbft2h,"Iâ€™ll tell you who a great interchangeable white guy was, this guy, who was in 100,000 episodes, delivered every time, but no one knows his name. Heâ€™s a comedy cryptid, an enigma.",4,184,35,https://bsky.app/profile/did:plc:tenurhgjptubkk5zf5qhi3og/feed/catch-up,3/17/2024
https://bsky.app/profile/npr.org/post/3kntix5jcnv2n,"This discovery sheds new light on the rich history of scholarship and intellectual exchange between Muslims, Jews and Christians during a time of Muslim rule in medieval Spain.",39,179,3,https://bsky.app/profile/did:plc:tenurhgjptubkk5zf5qhi3og/feed/catch-up,3/17/2024
https://bsky.app/profile/paulgcornish.bsky.social/post/3knsux5iyet2h,"Looking forward to Kate being temporarily replaced by Cyborg Kate, Kate of Steel, Kate-boy, and the Last Daughter of Berkshire.",43,176,14,https://bsky.app/profile/did:plc:tenurhgjptubkk5zf5qhi3og/feed/catch-up,3/17/2024
https://bsky.app/profile/blueheronfarm.bsky.social/post/3knss2beug22x,"I got the English wordle in three, and the Spanish wordle in two today. Come at me, bitches. . (Please do not actually come at me.)",1,176,10,https://bsky.app/profile/did:plc:tenurhgjptubkk5zf5qhi3og/feed/catch-up,3/17/2024
https://bsky.app/profile/theciscokidder.bsky.social/post/3knt7ieeafx2t,"I can relate to Boeing because just like their airplanes, I too am falling apart due to negligence.",56,178,2,https://bsky.app/profile/did:plc:tenurhgjptubkk5zf5qhi3og/feed/catch-up,3/17/2024
https://bsky.app/profile/uncleduke1969.bsky.social/post/3knta6xhclu26,grandpa and i planted a couple of matchbox cars in his yard when i was little and it was so gratifying to watch them grow as i got older,29,174,2,https://bsky.app/profile/did:plc:tenurhgjptubkk5zf5qhi3og/feed/catch-up,3/17/2024
https://bsky.app/profile/femin.ized.gay/post/3knucom2dxc2x,even the sky knows trans women are amazing ðŸ³ï¸â€âš§ï¸,23,174,13,https://bsky.app/profile/did:plc:tenurhgjptubkk5zf5qhi3og/feed/catch-up,3/17/2024
https://bsky.app/profile/jbouie.bsky.social/post/3knt276ygec2j,[me pointing to a white chocolate reeses cup] thatâ€™s a neoliberal managerial class,5,174,2,https://bsky.app/profile/did:plc:tenurhgjptubkk5zf5qhi3og/feed/catch-up,3/17/2024
https://bsky.app/profile/danglinghemmie.bsky.social/post/3knsyfunqws2r,"mature enough to know that ""i don't like this person"" and ""they are a bad person"" are completely different things but petty enough to love it when those statements are aligned",32,173,1,https://bsky.app/profile/did:plc:tenurhgjptubkk5zf5qhi3og/feed/catch-up,3/17/2024
https://bsky.app/profile/lubchansky.bsky.social/post/3kntwr2iba32j,beautiful weekend in nyc to get run down and killed on the sidewalk by a drunk guy on an electric pedal assist citibike wearing a Celtic FC kit,4,167,11,https://bsky.app/profile/did:plc:tenurhgjptubkk5zf5qhi3og/feed/catch-up,3/17/2024
https://bsky.app/profile/swin24.bsky.social/post/3knt3fuzlf42k,Its amazing how much crime and rule breaking you can get away with when you have an adorable baby slinged on you; on the way to the airport my wife and I have already robbed two liquor stores and everyone just thinks heâ€™s adorable and wishing us safe travels,10,164,4,https://bsky.app/profile/did:plc:tenurhgjptubkk5zf5qhi3og/feed/catch-up,3/17/2024
https://bsky.app/profile/premeemohamed.com/post/3kntoz735kk2i,"""Well you can't just say what you want, language has rules."" *glares* *rolls for attack* *dice clatter on desk* I OPEN MY MANDIBLES AND CHEW THE RULES INTO BITS BECAUSE THEY LOOKED AT ME FUNNY AND FICTION ISN'T ABOUT FOLLOWING RULES ANYWAY",19,160,12,https://bsky.app/profile/did:plc:tenurhgjptubkk5zf5qhi3og/feed/catch-up,3/17/2024
https://bsky.app/profile/xoxogossipgita.bsky.social/post/3kntfitdalc22,Thereâ€™s a guy on twitter who keeps trying to tl;dr my ff7 essay but he keeps having to delete and repost because he gets key details wrong and itâ€™s just so funny,3,159,3,https://bsky.app/profile/did:plc:tenurhgjptubkk5zf5qhi3og/feed/catch-up,3/17/2024
https://bsky.app/profile/clairewillett.bsky.social/post/3knsabmagcd22,"Sarah: I told them all, â€œyou know that book I told you about? well, Iâ€™m having dinner with the AUTHOR tomorrowâ€ me: â€œoh my god you liar you made it sound so much fancier than â€˜Iâ€™m having pizza and playing Disney Codenames with my dumb Aunt Claireâ€™â€ Sarah: â€œyeah, but THEY donâ€™t know thatâ€",2,158,2,https://bsky.app/profile/did:plc:tenurhgjptubkk5zf5qhi3og/feed/catch-up,3/17/2024
https://bsky.app/profile/rosalarian.bsky.social/post/3kntim6ude22q,"I put it off for years because of this mindset. I didn't want to become a monster. But testosterone has made me more CALM than I've ever been in my life. Estrogen makes me feel angry, but I would never suggest that it's a poisonous chemical that turns people into monsters.",17,150,6,https://bsky.app/profile/did:plc:tenurhgjptubkk5zf5qhi3og/feed/catch-up,3/17/2024
https://bsky.app/profile/clairewillett.bsky.social/post/3kntgluq5y22a,"I actually do remember as a kid when our garage was broken into and all our bikes were stolen that the police found mine. I had to go down to a storage place and identify it. 25 years later after multiple home robberies, their advice was all about how to get a thief to skip you and rob your neighbor",16,147,8,https://bsky.app/profile/did:plc:tenurhgjptubkk5zf5qhi3og/feed/catch-up,3/17/2024
https://bsky.app/profile/stuflemingnz.bsky.social/post/3knhplc7vta2r,The King of England lies dying and one of his sons has been exiled. A princess has vanished. Plague stalks the land and the Treasury has been plundered. NOW is the time for strange women lying in ponds to distribute swords to form the basis of government.,2521,7357,95,https://bsky.app/profile/did:plc:tenurhgjptubkk5zf5qhi3og/feed/catch-up-weekly,3/17/2024
https://bsky.app/profile/fallonturing.bsky.social/post/3knonywlopd24,This is the single funniest thing that an algorithm has ever done.,1439,4956,39,https://bsky.app/profile/did:plc:tenurhgjptubkk5zf5qhi3og/feed/catch-up-weekly,3/17/2024
https://bsky.app/profile/jwgoerlich.bsky.social/post/3knogawk33c2h,Shel Silverstein doesnâ€™t get nearly enough credit for predicting ChatGPT.,1269,4176,28,https://bsky.app/profile/did:plc:tenurhgjptubkk5zf5qhi3og/feed/catch-up-weekly,3/17/2024
https://bsky.app/profile/lethalityjane.bsky.social/post/3kngnbccuur2i,"This also means that teens have less of their own money for going out with friends. So you have teenagers who haven't been raised with the expectation of going out with friends to entertain themselves, they have nowhere to go and no money to spend.",18,476,8,https://bsky.app/profile/did:plc:tenurhgjptubkk5zf5qhi3og/feed/catch-up-weekly,3/17/2024
https://bsky.app/profile/mwosam.bsky.social/post/3knjjjvjgmx2m,"Our culture has real trouble grasping that we can't bring back what it felt like to see The Prisoner/Ghostbusters/Star Wars the first time by doing them again, because the thing that made them compelling is that they were different. We can only feel that feeling again by making more new things.",1044,3401,62,https://bsky.app/profile/did:plc:tenurhgjptubkk5zf5qhi3og/feed/catch-up-weekly,3/17/2024
https://bsky.app/profile/paleofuture.bsky.social/post/3knf43s66bk2n,Do these guys think the message of American History X isâ€¦ anti-woke?,256,2519,159,https://bsky.app/profile/did:plc:tenurhgjptubkk5zf5qhi3og/feed/catch-up-weekly,3/17/2024
https://bsky.app/profile/lordbusinessman.bsky.social/post/3kngffmjlss2n,"""What Boomer commercial real estate owners will lose if you don't get back into office""",426,2230,94,https://bsky.app/profile/did:plc:tenurhgjptubkk5zf5qhi3og/feed/catch-up-weekly,3/17/2024
https://bsky.app/profile/blueheronfarm.bsky.social/post/3knmci6lfht2e,The only reply I got on Twitter is pussy in bio. Not helpful. We've put his air tag into missing mode so that hopefully it will ping iPhones nearby. I'm just gutted.,895,2192,204,https://bsky.app/profile/did:plc:tenurhgjptubkk5zf5qhi3og/feed/catch-up-weekly,3/17/2024
https://bsky.app/profile/rhi.bsky.social/post/3kninwdz6ef2d,"Dadâ€¦ itâ€™s been 9 years. In our family collection of blurry, squinty and poorly composed photos around the world, I found this - a typical Pratchett shot since we are 1)Not looking at the camera 2)focused on food and 3) embracing hat wearing. The trifecta. Miss you always. â¤ï¸",266,2110,64,https://bsky.app/profile/did:plc:tenurhgjptubkk5zf5qhi3og/feed/catch-up-weekly,3/17/2024
https://bsky.app/profile/thielman.bsky.social/post/3knevenneex2b,"They gave Mel Brooks an honorary Oscar at an untelevised ceremony which is frankly the only thing Iâ€™d have wanted to see. Here he is, being awesome",337,2102,29,https://bsky.app/profile/did:plc:tenurhgjptubkk5zf5qhi3og/feed/catch-up-weekly,3/17/2024
https://bsky.app/profile/nickkodama.bsky.social/post/3knlovhpnuk2b,"Checking google scholar for recent articles with the phrase ""certainly, here is a"":",1101,2086,56,https://bsky.app/profile/did:plc:tenurhgjptubkk5zf5qhi3og/feed/catch-up-weekly,3/17/2024
https://bsky.app/profile/brendelbored.bsky.social/post/3knobbmewi22h,WE FOUND HIM. THE PEOPLE HOLDING HIM WERE GOOD SAMARITANS. HE'S GOING TO BE COMING HOME BUT HE IS FUCKING ANOTHER TURTLE RIGHT NOW. OOPS.,200,2052,54,https://bsky.app/profile/did:plc:tenurhgjptubkk5zf5qhi3og/feed/catch-up-weekly,3/17/2024
https://bsky.app/profile/safety.bsky.app/post/3knjj6y6yoi2i,"Bluesky is built to give users control over their social spaces online. Today, weâ€™re open sourcing Ozone, a tool that lets users collaboratively inspect and label content on the network. Later this week, weâ€™re opening up the ability for users to run their own independent moderation services.",700,2044,49,https://bsky.app/profile/did:plc:tenurhgjptubkk5zf5qhi3og/feed/catch-up-weekly,3/17/2024
https://bsky.app/profile/ovna.dev/post/3knef6wfc4l2d,>*vinyl scratch sound* >YOU'RE NOW LISTENING TO >*ornithopter flyby* >101.19 >*thumper pounding* >ARRAKIS FM >*explosion* >WHERE WE ONLY PLAY THE SPICIEST TUNES >*sandworm sound* >*sardaukar chanting* >THIS AIN'T YOUR REVEREND MOTHER'S STATION >*imagine dragons - radioactive starts playing*,588,2032,27,https://bsky.app/profile/did:plc:tenurhgjptubkk5zf5qhi3og/feed/catch-up-weekly,3/17/2024
https://bsky.app/profile/michaelhobbes.bsky.social/post/3knlu4j5v7s2s,WHY WOULD YOU MAKE UP A PERSON RATHER THAN JUST PICKING UP THE PHONE. https://www.nytimes.com/2024/03/12/opinion/israel-hamas-war-military.html,215,2031,174,https://bsky.app/profile/did:plc:tenurhgjptubkk5zf5qhi3og/feed/catch-up-weekly,3/17/2024
https://bsky.app/profile/spavel.bsky.social/post/3knjycv45ik2a,the mad lads actually did it,731,2010,20,https://bsky.app/profile/did:plc:tenurhgjptubkk5zf5qhi3og/feed/catch-up-weekly,3/17/2024
https://bsky.app/profile/edithcharles.bsky.social/post/3knppw6m6ym2b,Jesus Christ then just tell us what his demands are already!!,422,2027,59,https://bsky.app/profile/did:plc:tenurhgjptubkk5zf5qhi3og/feed/catch-up-weekly,3/17/2024
https://bsky.app/profile/kilgoretrout.bsky.social/post/3knjfwno4dy2l,today in the department of wildly popular ideas you should definitely campaign hot & heavy on,339,1981,160,https://bsky.app/profile/did:plc:tenurhgjptubkk5zf5qhi3og/feed/catch-up-weekly,3/17/2024
https://bsky.app/profile/amalasrosa.bsky.social/post/3knjeufeiyu2m,"I saw a critique of The Boy and the Heron that said, the movie failed the audience because it felt like a movie that Miyazaki did just for himself. And I wish there was more room in our media landscape for artists to just tell the stories they want to tell and thatâ€™s for them.",342,1975,68,https://bsky.app/profile/did:plc:tenurhgjptubkk5zf5qhi3og/feed/catch-up-weekly,3/17/2024
https://bsky.app/profile/amalasrosa.bsky.social/post/3knjtcqdiu62t,I also feel there will always be people who relate to a work of art and who donâ€™t. Artists putting theirselves first in their art is not failing the audience. It will make the experience even more authentic when you do find a connection to the work instead.,39,374,3,https://bsky.app/profile/did:plc:tenurhgjptubkk5zf5qhi3og/feed/catch-up-weekly,3/17/2024
https://bsky.app/profile/jrbolt.bsky.social/post/3knkfjwpchs22,"Star Wars reflects George Lucas's passion for hot rods, sci-fi pulp serials, samurai movies and WWII dogfights. Ghostbusters reflects Dan Aykroyd's passion for New Age paranormalism, New York architecture and HP Lovecraft. These sequels, mostly, reflect fandom's passion for fandom.",577,1861,35,https://bsky.app/profile/did:plc:tenurhgjptubkk5zf5qhi3og/feed/catch-up-weekly,3/17/2024
https://bsky.app/profile/boner.ink/post/3knorjh36a525,just got a job at boeing as the little plane goblin from that twilight zone episode,352,1838,34,https://bsky.app/profile/did:plc:tenurhgjptubkk5zf5qhi3og/feed/catch-up-weekly,3/17/2024
https://bsky.app/profile/martian-observer.art/post/3knqeo5m6q62v,A Mexican artist has used cranes to drop a nine-ton sculpture of an Olmec head onto a Tesla 3. https://uk.news.yahoo.com/mexican-artist-crushes-tesla-under-221059336.html,487,1728,42,https://bsky.app/profile/did:plc:tenurhgjptubkk5zf5qhi3og/feed/catch-up-weekly,3/17/2024
https://bsky.app/profile/ygalanter.bsky.social/post/3knhrdekmas25,lol everything about this junk is a lie. https://futurism.com/the-byte/bullets-cybertruck-test,126,762,55,https://bsky.app/profile/did:plc:tenurhgjptubkk5zf5qhi3og/feed/catch-up-weekly,3/17/2024
https://bsky.app/profile/dell.bsky.social/post/3knhruxvhn32x,"The science behind how thick a plate of stainless steel needs to be stop a 9mm round has been settled for over 100 years. Reporters couldâ€™ve fact checked this the moment Musk made the claim. If 2mm of metal could stop a bullet, WW2 wouldâ€™ve been fought in plate armor.",404,1639,49,https://bsky.app/profile/did:plc:tenurhgjptubkk5zf5qhi3og/feed/catch-up-weekly,3/17/2024
https://bsky.app/profile/catsofyore.bsky.social/post/3knk2bgm5ms2i,"Buffins! From the book â€˜Cats Cats Cats Cats Cats Catsâ€™ by John R. Gilbert, 1961.",189,1602,42,https://bsky.app/profile/did:plc:tenurhgjptubkk5zf5qhi3og/feed/catch-up-weekly,3/17/2024
https://bsky.app/profile/alishagrauso.bsky.social/post/3kndutirhrd2z,Sometimes I like to think of the time Neil deGrasse Tyson claimed a droid like BB-8 would never function like that in sand and ILM proceeded to explain exactly how they practically built and drove BB-8. In the sand.,288,1580,87,https://bsky.app/profile/did:plc:tenurhgjptubkk5zf5qhi3og/feed/catch-up-weekly,3/17/2024
https://bsky.app/profile/planet4589.bsky.social/post/3knkdm737is2l,"Pretty depressing day at work today with lots of staff updating their resumes as we grapple with NASA's decision to shut down Chandra, the world's only ever high resolution X-ray space telescope, still returning fabulous science discoveries. Still hoping this can be reversed",441,1575,57,https://bsky.app/profile/did:plc:tenurhgjptubkk5zf5qhi3og/feed/catch-up-weekly,3/17/2024
https://bsky.app/profile/mommunism.bsky.social/post/3knkvugzd2k2n,South by Southwest is likeâ€¦ what if we ragedâ€¦ for the machine?,406,1557,69,https://bsky.app/profile/did:plc:tenurhgjptubkk5zf5qhi3og/feed/catch-up-weekly,3/17/2024
https://bsky.app/profile/rzhongnotes.bsky.social/post/3knfdpymu3x2b,Goodnight everyone may tiny bow tie wearing Godzilla bless your week ahead,371,1529,9,https://bsky.app/profile/did:plc:tenurhgjptubkk5zf5qhi3og/feed/catch-up-weekly,3/17/2024
https://bsky.app/profile/adamcsharp.bsky.social/post/3kndmavqtkt2s,English weather is wet But German weather is Wetter English children are kind But German kids are Kinder English mothers mumble But German mothers Mutter The English shout the word people But Germans just quietly Menschen it And English sausages can be bad But a German sausage is the Wurst,376,1473,33,https://bsky.app/profile/did:plc:tenurhgjptubkk5zf5qhi3og/feed/catch-up-weekly,3/17/2024
https://bsky.app/profile/astrokatie.com/post/3knf6gss7h22h,My Cillian Murphy story is that I saw him in a British Airways lounge once many years ago and his beauty was so overwhelming that when he touched his hair I forgot how to breathe,76,1412,22,https://bsky.app/profile/did:plc:tenurhgjptubkk5zf5qhi3og/feed/catch-up-weekly,3/17/2024
https://bsky.app/profile/mangmangmang.bsky.social/post/3kno26hkn222u,"Very Important announcement for anyone with an unconventional hairstyle, a beard, and/or tattoos",593,1389,33,https://bsky.app/profile/did:plc:tenurhgjptubkk5zf5qhi3og/feed/catch-up-weekly,3/17/2024
https://bsky.app/profile/kjhealy.bsky.social/post/3knl7425rb22z,"As you may recall from the other day, it is essential to the future of the university that academics fully and unquestioningly incorporate LLMs into their teaching and research practice",373,1340,50,https://bsky.app/profile/did:plc:tenurhgjptubkk5zf5qhi3og/feed/catch-up-weekly,3/17/2024
https://bsky.app/profile/markharris.bsky.social/post/3knewm3dsrd2t,"""Instead of making one $200 million movie, try making twenty $10 million movies"" may end up being the line of the night.",225,1320,24,https://bsky.app/profile/did:plc:tenurhgjptubkk5zf5qhi3og/feed/catch-up-weekly,3/17/2024
https://bsky.app/profile/maxkennerly.bsky.social/post/3kndtrgi6ql25,Boeing was taken over by a bunch of quarterly-profit McKinsey types and the last time they killed a bunch of people we let them walk away from it with the ludicrous story that some random test pilot was the real villain. Of course Boeing acts like they're above the law. They are.,406,1303,36,https://bsky.app/profile/did:plc:tenurhgjptubkk5zf5qhi3og/feed/catch-up-weekly,3/17/2024
https://bsky.app/profile/mikedrucker.bsky.social/post/3knixnbl6x62i,Even the hitman they hired was probably like â€œguys itâ€™s gonna be pretty obvious who did thisâ€,213,1281,43,https://bsky.app/profile/did:plc:tenurhgjptubkk5zf5qhi3og/feed/catch-up-weekly,3/17/2024
https://bsky.app/profile/joshuaphill.bsky.social/post/3kndwmoo3c22a,Damn. Havenâ€™t heard this called â€œtrickflationâ€ before but yes.,397,1287,57,https://bsky.app/profile/did:plc:tenurhgjptubkk5zf5qhi3og/feed/catch-up-weekly,3/17/2024
https://bsky.app/profile/oregonzoo.bsky.social/post/3kngw3mk7o42y,Happy Monday after daylight saving time,194,1223,20,https://bsky.app/profile/did:plc:tenurhgjptubkk5zf5qhi3og/feed/catch-up-weekly,3/17/2024
https://bsky.app/profile/zitron.bsky.social/post/3knecwbxjds24,It would be so cool if laws existed for Elon Musk,298,1213,27,https://bsky.app/profile/did:plc:tenurhgjptubkk5zf5qhi3og/feed/catch-up-weekly,3/17/2024
https://bsky.app/profile/iboudreau.bsky.social/post/3knmd2kwl6s27,Oh hell yeah. Please do this. I love when the ultra-rich go on private underwater adventures,196,1212,84,https://bsky.app/profile/did:plc:tenurhgjptubkk5zf5qhi3og/feed/catch-up-weekly,3/17/2024
https://bsky.app/profile/alexanderchee.bsky.social/post/3knincv5iv225,Please please please stop burning the planet by playing with this stuff.,583,1211,11,https://bsky.app/profile/did:plc:tenurhgjptubkk5zf5qhi3og/feed/catch-up-weekly,3/17/2024
https://bsky.app/profile/catsofyore.bsky.social/post/3knf6jn2hbl2d,Fergus asked me to take a photo to get a sponsorship deal with churu. I didnâ€™t have the heart to tell him that the Inaba company isnâ€™t on bluesky so please just play along and pretend to be excited churu executives.,57,1190,39,https://bsky.app/profile/did:plc:tenurhgjptubkk5zf5qhi3og/feed/catch-up-weekly,3/18/2024
https://bsky.app/profile/catsofyore.bsky.social/post/3knrzlavx4n2z,Sorry to post something from The Other Site but I was alerted to this update on an FIV+ cat I had posted over and over on that account since 2022. HE FINALLY FOUND A HOME! ðŸ˜­,87,1164,28,https://bsky.app/profile/did:plc:tenurhgjptubkk5zf5qhi3og/feed/catch-up-weekly,3/18/2024
https://bsky.app/profile/funranium.bsky.social/post/3knk66bfxbc2w,"If you donâ€™t make a point to learn your janitorâ€™s name, you are a bad person. You should, in fact, be making sure some donuts are saved for the janitorial staff. If there are not enough donuts, buy extra.",150,1155,35,https://bsky.app/profile/did:plc:tenurhgjptubkk5zf5qhi3og/feed/catch-up-weekly,3/18/2024
https://bsky.app/profile/theferocity.bsky.social/post/3knghe24qtm2n,"The Royal Family has really fucked up because now even Iâ€™m like â€œokay, what have yâ€™all done with that lady???â€",112,1142,53,https://bsky.app/profile/did:plc:tenurhgjptubkk5zf5qhi3og/feed/catch-up-weekly,3/18/2024
https://bsky.app/profile/quinnae.com/post/3knmlpr4qdk2u,"I keep saying this: whatever virtuous purpose you have in continuing to use Twitter, the platform itself *will not let you* use it for that end.",354,1123,21,https://bsky.app/profile/did:plc:tenurhgjptubkk5zf5qhi3og/feed/catch-up-weekly,3/18/2024
https://bsky.app/profile/jbouie.bsky.social/post/3knrfaap7jk2r,"i recently watched ZONE OF INTEREST and one of the things i think some of the reviews get wrong is that they posit the film as depicting willful blindness to atrocity but i think it is a film about how wanton cruelty can be, for some, constitutive of what they see as prosperity",96,1128,32,https://bsky.app/profile/did:plc:tenurhgjptubkk5zf5qhi3og/feed/catch-up-weekly,3/18/2024
https://bsky.app/profile/erictopol.bsky.social/post/3knjvwdcmps2v,"Covid vaccination markedly reduced blood clots, heart attacks, heart failure, stroke and other adverse cardiovascular outcomes, as seen from over 20 million people, about half of whom were vaccinated",374,1088,21,https://bsky.app/profile/did:plc:tenurhgjptubkk5zf5qhi3og/feed/catch-up-weekly,3/18/2024
https://bsky.app/profile/edyong209.bsky.social/post/3kntq5w2o4s2l,And now for some not-birds: we saw a white-nosed coati at Patagonia Lake State Park last week! It posed on this rock like the king of the forest before lolloping off.,110,1088,26,https://bsky.app/profile/did:plc:tenurhgjptubkk5zf5qhi3og/feed/catch-up-weekly,3/18/2024
https://bsky.app/profile/profmusgrave.bsky.social/post/3kngvpjdcup2t,"Any social media power user would pass the pain box test without trying. Oh, I'm sorry, it's a box that hurts you? I'm already addicted to it, do you have one with GIFs?",236,1067,35,https://bsky.app/profile/did:plc:tenurhgjptubkk5zf5qhi3og/feed/catch-up-weekly,3/18/2024
https://bsky.app/profile/clpolk.com/post/3knevnjczp52b,"Are you a novelist? Are you a published novelist? Are you a prepublished novelist? *gently mushes your cheeks together* IP block Goodreads. Now. Right now. Never go there. Never let your friends tell you about your GR reviews, good or bad. Your domain is everywhere the light touches-except that.",249,1056,40,https://bsky.app/profile/did:plc:tenurhgjptubkk5zf5qhi3og/feed/catch-up-weekly,3/18/2024
https://bsky.app/profile/astrokatie.com/post/3knguix4dyp2b,"I really do think that propagating fake or unverifiable quotes/tweets is bad & harmful, even (especially?) if they ""sound like they could be real though,"" & even if the person targeted is legitimately terrible for other reasons or due to other statements. The waters of truth are muddy enough already",146,1028,43,https://bsky.app/profile/did:plc:tenurhgjptubkk5zf5qhi3og/feed/catch-up-weekly,3/18/2024
https://bsky.app/profile/davidjroth.bsky.social/post/3knen3cqrjs2b,"Thank you for attempting to ""escape"" your Tesla Cybertruck, I am your AI assistant BRI4N. ""Escape"" is not available at this time on your Cybertruck's current operating system. Would you like to upgrade your operating system at this time? Swirl initiation finger counterclockwise on screen for yes.",143,1022,30,https://bsky.app/profile/did:plc:tenurhgjptubkk5zf5qhi3og/feed/catch-up-weekly,3/18/2024
https://bsky.app/profile/surcomplicated.bsky.social/post/3knexl344bs2f,"Say what you will about Ea-Nasir, but he sure as hell would never violate 18 U.S.C. Â§ 1519 by failing to preserve any ""any record, document, or tangible object"" potentially subject to federal investigation. His business records outlived his entire goddamn civilization.",266,986,10,https://bsky.app/profile/did:plc:tenurhgjptubkk5zf5qhi3og/feed/catch-up-weekly,3/18/2024
https://bsky.app/profile/golikehellmachine.bsky.social/post/3knh3acqchc2y,"trust is something that must be earned, and as weâ€™ve spent the last 18 months steadily and deliberately destroying yours in us, we no longer find it necessary to even pretend that you should trust us.",156,981,56,https://bsky.app/profile/did:plc:tenurhgjptubkk5zf5qhi3og/feed/catch-up-weekly,3/18/2024
https://bsky.app/profile/tomtomorrow.bsky.social/post/3knmfzxekis2g,"""the attack didn't kill Nex, it only drove them to suicide"" is not the winning argument some assholes are inevitably gonna think it is",152,974,20,https://bsky.app/profile/did:plc:tenurhgjptubkk5zf5qhi3og/feed/catch-up-weekly,3/18/2024
https://bsky.app/profile/kenlowery.bsky.social/post/3knht3bbski2h,I live in the Dune universe but I'm somewhere else when all that stuff is going on. I have a job and a mortgage. Sometimes I rub synthetic Spice cream on my wrists when they get achey. A Harkonnen once killed three of my cousins with a spear,152,967,35,https://bsky.app/profile/did:plc:tenurhgjptubkk5zf5qhi3og/feed/catch-up-weekly,3/18/2024
https://bsky.app/profile/leavittalone.bsky.social/post/3knf4ml5wct2y,"Get Gosling and Tatum in a musical rom com about competitive bodybuilders , Cena is the rival, itâ€™s called LUNKS IN LOVE and the central song is THE HEART IS A MUSCLE do I have to think of everything around here",184,955,20,https://bsky.app/profile/did:plc:tenurhgjptubkk5zf5qhi3og/feed/catch-up-weekly,3/18/2024
https://bsky.app/profile/catsofyore.bsky.social/post/3knmnr6lu5s2q,First few steps of making dinner pretty much every night: 1. Dice onion. 2. Put in pan to sautÃ© until browned and translucent. 3. Get distracted by a cat and burn the onions.,42,935,29,https://bsky.app/profile/did:plc:tenurhgjptubkk5zf5qhi3og/feed/catch-up-weekly,3/18/2024
https://bsky.app/profile/anarchonion.bsky.social/post/3knheuellvh2e,"man goes to doctor. says he's depressed. doctor says ""here, have antidepressants"" man asks ""no clowns today?"" doctor says no. man nods and says ""an age has come and gone. i will mourn its passing, but not be buried in its ashes. I was Pagliacci. who i'll be tomorrow, who can say? thank you, doctor.""",243,920,13,https://bsky.app/profile/did:plc:tenurhgjptubkk5zf5qhi3og/feed/catch-up-weekly,3/18/2024
https://bsky.app/profile/crushbort.bsky.social/post/3knecuxoiig2o,"me: Tesla, activate pond mode TESLA: pond mode activated. filling vehicle with water me: thank you tesla",133,918,15,https://bsky.app/profile/did:plc:tenurhgjptubkk5zf5qhi3og/feed/catch-up-weekly,3/18/2024
https://bsky.app/profile/kekeflipnote.bsky.social/post/3knvbpok3x72z,A reminder that using references is NOT cheating!,282,1058,19,https://bsky.app/profile/did:plc:tenurhgjptubkk5zf5qhi3og/feed/catch-up-weekly,3/18/2024
https://bsky.app/profile/thetigerspot.bsky.social/post/3knqcn632f22c,americans will use literally anything except metric measurements eh,228,931,20,https://bsky.app/profile/did:plc:tenurhgjptubkk5zf5qhi3og/feed/catch-up-weekly,3/18/2024
https://bsky.app/profile/pbump.com/post/3knlocwi4ac24,"If you are the parent of the kid who told my four-year-old that his new, butterfly-covered shoes are â€œgirlsâ€™ shoes,â€ youâ€™re a shitty parent.",56,902,48,https://bsky.app/profile/did:plc:tenurhgjptubkk5zf5qhi3og/feed/catch-up-weekly,3/18/2024
https://bsky.app/profile/bethanyblack.bsky.social/post/3kngblii3yk2m,I saw someone who works search and rescue once say that as humans our number one survival skill is asking for help. So much of our society tries to fetishise the idea if rugged individualism ignoring how much we all need each other.,216,901,27,https://bsky.app/profile/did:plc:tenurhgjptubkk5zf5qhi3og/feed/catch-up-weekly,3/18/2024
https://bsky.app/profile/ryannorth.ca/post/3kngzpi57tm2y,You guys ever try tea? It's probably the best way to combine water and old leaves that I've ever consumed,116,893,52,https://bsky.app/profile/did:plc:tenurhgjptubkk5zf5qhi3og/feed/catch-up-weekly,3/18/2024
https://bsky.app/profile/kenwhite.bsky.social/post/3knol6vhq7k2t,"Today, on a video court appearance, one of the lawyers asked to move the next hearing date because he would be at ComicCon on the proposed date, and the judge all all the lawyers were unanimous that it sounded like a much better thing to be doing. Maybe heâ€™ll invite us all.",64,897,23,https://bsky.app/profile/did:plc:tenurhgjptubkk5zf5qhi3og/feed/catch-up-weekly,3/18/2024
https://bsky.app/profile/thetattooedprof.bsky.social/post/3kng25fyspk2j,"Hey, remember MOOCs? Remember ""the year of the MOOC?"" Remember how UVA's board tried to fire the president because she wasn't sufficiently hyped about MOOCs? Remember how Sebastian Thrun (Udacity) said there would eventually be only 10 higher-ed outlets bc of MOOCs? Just thought I'd ask.",309,889,37,https://bsky.app/profile/did:plc:tenurhgjptubkk5zf5qhi3og/feed/catch-up-weekly,3/18/2024
https://bsky.app/profile/cait.bsky.social/post/3knimvlvulb2a,there is nothing i love more than occasionally seeing just a normal guy wander on here and make normal posts about the birds in his pond or whatever and you remember that not everyone is irreversibly internet poisoned,68,875,25,https://bsky.app/profile/did:plc:tenurhgjptubkk5zf5qhi3og/feed/catch-up-weekly,3/18/2024
https://bsky.app/profile/astrokatie.com/post/3knj5lqzfbt2l,A while back I wrote about dark matter and why astronomers consider it to be an essential ingredient in the universe even though we donâ€™t yet know what itâ€™s made of. Itâ€™s popular to claim it canâ€™t exist just because we donâ€™t directly see it but that misunderstands how we discover things in physics!,162,876,54,https://bsky.app/profile/did:plc:tenurhgjptubkk5zf5qhi3og/feed/catch-up-weekly,3/18/2024
https://bsky.app/profile/lethalityjane.bsky.social/post/3knmna43n4c2u,"""Why are you paying attention to the Kate Middleton story, its not important"" yes you just described the entire appeal",125,872,13,https://bsky.app/profile/did:plc:tenurhgjptubkk5zf5qhi3og/feed/catch-up-weekly,3/18/2024
https://bsky.app/profile/andylevy.bsky.social/post/3knfcmr4ith2s,iâ€™ve realized that for me twitter was prison and bluesky is a halfway house and at some point i will be allowed back into society having served my social media time,70,857,19,https://bsky.app/profile/did:plc:tenurhgjptubkk5zf5qhi3og/feed/catch-up-weekly,3/18/2024
https://bsky.app/profile/clairewillett.bsky.social/post/3knsa62ucpe2h,my childhood best friend Bill has a daughter in 8th grade who is reading my book and loves it so much that sheâ€™s making all her friends read it and I got to see the group chat where theyâ€™re all talking about which girl character is their favorite and Iâ€™ve never felt so cool in my LIFE,25,879,12,https://bsky.app/profile/did:plc:tenurhgjptubkk5zf5qhi3og/feed/catch-up-weekly,3/18/2024