,link,gpt4_civic_label,gpt4_political_label,llama3-8b_civic_label,llama3-8b_political_label,llama3-70b_civic_label,llama3-70b_political_label,all_llms_agree_civic,llama_models_agree_civic,all_llms_agree_political_ideology,llama_models_agree_political_ideology
0,https://bsky.app/profile/jbouie.bsky.social/post/3knqbtrdzrz2n,civic,left-leaning,civic,left-leaning,civic,left-leaning,True,True,True,True
1,https://bsky.app/profile/lethalityjane.bsky.social/post/3kngn4umr3z2e,civic,right-leaning,civic,right-leaning,civic,unclear,True,True,False,False
2,https://bsky.app/profile/esqueer.bsky.social/post/3knr77ifjqc2n,civic,left-leaning,civic,left-leaning,civic,left-leaning,True,True,True,True
3,https://bsky.app/profile/stuflemingnz.bsky.social/post/3knhplc7vta2r,not civic,unclear,not civic,unclear,not civic,unclear,True,True,True,True
4,https://bsky.app/profile/sararoseg.bsky.social/post/3knlniky53223,civic,left-leaning,civic,left-leaning,civic,left-leaning,True,True,True,True
5,https://bsky.app/profile/bachynski.bsky.social/post/3knvd764tfu2y,civic,unclear,civic,left-leaning,civic,left-leaning,True,True,False,True
6,https://bsky.app/profile/rainsurname.bsky.social/post/3knhl3db6jt2y,civic,left-leaning,civic,left-leaning,civic,left-leaning,True,True,True,True
7,https://bsky.app/profile/jgownder.bsky.social/post/3knji5ltct32a,civic,unclear,civic,unclear,not civic,unclear,False,False,True,True
8,https://bsky.app/profile/fallonturing.bsky.social/post/3knonywlopd24,not civic,unclear,not civic,unclear,civic,left-leaning,False,False,False,False
9,https://bsky.app/profile/gbbranstetter.bsky.social/post/3knnswnhia42r,civic,left-leaning,civic,unclear,civic,left-leaning,True,True,False,False
10,https://bsky.app/profile/newamauta.bsky.social/post/3knf4e4w7le22,civic,left-leaning,civic,left-leaning,civic,left-leaning,True,True,True,True
11,https://bsky.app/profile/michaelhobbes.bsky.social/post/3knnwnfo6cd2m,civic,left-leaning,civic,left-leaning,civic,left-leaning,True,True,True,True
12,https://bsky.app/profile/jwgoerlich.bsky.social/post/3knogawk33c2h,not civic,unclear,not civic,unclear,not civic,unclear,True,True,True,True
13,https://bsky.app/profile/cvh.bsky.social/post/3knjs3ge2zo2u,civic,right-leaning,civic,right-leaning,civic,left-leaning,True,True,False,False
14,https://bsky.app/profile/kashana.bsky.social/post/3kno37bon6326,civic,left-leaning,civic,left-leaning,civic,left-leaning,True,True,True,True
15,https://bsky.app/profile/xphtherapy.bsky.social/post/3knromke5nt2u,civic,unclear,civic,unclear,civic,left-leaning,True,True,False,False
16,https://bsky.app/profile/iamspacegirl.bsky.social/post/3knegcr3e3u2x,civic,right-leaning,not civic,unclear,not civic,unclear,False,True,False,True
17,https://bsky.app/profile/mwosam.bsky.social/post/3knjjjvjgmx2m,not civic,unclear,not civic,unclear,not civic,unclear,True,True,True,True
18,https://bsky.app/profile/sararoseg.bsky.social/post/3knloepgvdk2f,civic,left-leaning,civic,left-leaning,civic,left-leaning,True,True,True,True
19,https://bsky.app/profile/breelundberg.com/post/3kngwl2iigl2m,civic,left-leaning,civic,left-leaning,civic,left-leaning,True,True,True,True
20,https://bsky.app/profile/jbouie.bsky.social/post/3knovykscwk2i,civic,right-leaning,civic,moderate,civic,moderate,True,True,False,True
21,https://bsky.app/profile/markharris.bsky.social/post/3knjbkoqy3r2x,civic,left-leaning,civic,right-leaning,civic,left-leaning,True,True,False,False
22,https://bsky.app/profile/gonebabygone.bsky.social/post/3knj3lcnwsk2y,civic,unclear,civic,unclear,civic,left-leaning,True,True,False,False
23,https://bsky.app/profile/eladn.bsky.social/post/3knrbd6hnj42v,civic,left-leaning,civic,left-leaning,civic,left-leaning,True,True,True,True
24,https://bsky.app/profile/jbouie.bsky.social/post/3knqxnk2ils2i,civic,left-leaning,civic,left-leaning,civic,left-leaning,True,True,True,True
25,https://bsky.app/profile/fleerultra.bsky.social/post/3knofganxyk2z,civic,left-leaning,civic,left-leaning,civic,left-leaning,True,True,True,True
26,https://bsky.app/profile/juliadoubleday.bsky.social/post/3knhlxhbewv2k,civic,left-leaning,civic,left-leaning,civic,left-leaning,True,True,True,True
27,https://bsky.app/profile/normative.bsky.social/post/3knm3cftdos2r,civic,unclear,civic,left-leaning,civic,moderate,True,True,False,False
28,https://bsky.app/profile/joshuafoust.com/post/3knmafln2q42k,civic,left-leaning,not civic,unclear,not civic,unclear,False,True,False,True
29,https://bsky.app/profile/notalawyer.bsky.social/post/3knhajqkgv22z,civic,left-leaning,civic,left-leaning,civic,left-leaning,True,True,True,True
30,https://bsky.app/profile/chriswarcraft.bsky.social/post/3knrdpdp7xd2b,civic,left-leaning,not civic,unclear,not civic,unclear,False,True,False,True
31,https://bsky.app/profile/nickkodama.bsky.social/post/3knlovhpnuk2b,not civic,unclear,not civic,unclear,not civic,unclear,True,True,True,True
32,https://bsky.app/profile/internethippo.bsky.social/post/3knrrzek5h42v,not civic,unclear,civic,left-leaning,civic,left-leaning,False,True,False,True
33,https://bsky.app/profile/knilirabaj.bsky.social/post/3knilna5ius2f,civic,unclear,civic,left-leaning,civic,left-leaning,True,True,False,True
34,https://bsky.app/profile/emily.gorcen.ski/post/3kngrwzy7uv2k,civic,left-leaning,civic,right-leaning,civic,right-leaning,True,True,False,True
35,https://bsky.app/profile/paleofuture.bsky.social/post/3knf43s66bk2n,not civic,unclear,civic,left-leaning,civic,left-leaning,False,True,False,True
36,https://bsky.app/profile/sararoseg.bsky.social/post/3knlnrllvyk2k,civic,left-leaning,not civic,unclear,not civic,unclear,False,True,False,True
37,https://bsky.app/profile/kenwhite.bsky.social/post/3knri26gx5k25,not civic,unclear,not civic,unclear,not civic,unclear,True,True,True,True
38,https://bsky.app/profile/safety.bsky.app/post/3knjj6y6yoi2i,not civic,unclear,civic,right-leaning,civic,unclear,False,True,False,False
39,https://bsky.app/profile/spavel.bsky.social/post/3knjycv45ik2a,not civic,unclear,civic,left-leaning,civic,left-leaning,False,True,False,True
40,https://bsky.app/profile/lordbusinessman.bsky.social/post/3kngffmjlss2n,not civic,unclear,civic,right-leaning,civic,right-leaning,False,True,False,True
41,https://bsky.app/profile/kashana.bsky.social/post/3knlxntshtk2h,civic,unclear,not civic,unclear,not civic,unclear,False,True,True,True
42,https://bsky.app/profile/ovna.dev/post/3knef6wfc4l2d,not civic,unclear,civic,left-leaning,civic,left-leaning,False,True,False,True
43,https://bsky.app/profile/evangreer.bsky.social/post/3knk45rdb722i,civic,left-leaning,civic,right-leaning,civic,left-leaning,True,True,False,False
44,https://bsky.app/profile/vpsreports.bsky.social/post/3knpgffqs6k2a,civic,left-leaning,civic,right-leaning,civic,left-leaning,True,True,False,False
45,https://bsky.app/profile/edithcharles.bsky.social/post/3knppw6m6ym2b,not civic,unclear,not civic,unclear,not civic,unclear,True,True,True,True
46,https://bsky.app/profile/kilgoretrout.bsky.social/post/3knjfwno4dy2l,not civic,unclear,not civic,unclear,not civic,unclear,True,True,True,True
47,https://bsky.app/profile/jrbolt.bsky.social/post/3knkfjwpchs22,not civic,unclear,not civic,unclear,not civic,unclear,True,True,True,True
48,https://bsky.app/profile/thielman.bsky.social/post/3knevenneex2b,not civic,unclear,civic,left-leaning,civic,left-leaning,False,True,False,True
49,https://bsky.app/profile/theradr.bsky.social/post/3knk7aq4twk24,civic,left-leaning,not civic,unclear,not civic,unclear,False,True,False,True
50,https://bsky.app/profile/rhi.bsky.social/post/3kninwdz6ef2d,not civic,unclear,civic,left-leaning,civic,left-leaning,False,True,False,True
51,https://bsky.app/profile/chantalalive.bsky.social/post/3knr4vrmebc2h,civic,left-leaning,civic,unclear,not civic,unclear,False,False,False,True
52,https://bsky.app/profile/michaelhobbes.bsky.social/post/3knlu4j5v7s2s,not civic,unclear,civic,right-leaning,civic,moderate,False,True,False,False
53,https://bsky.app/profile/amalasrosa.bsky.social/post/3knjeufeiyu2m,not civic,unclear,civic,left-leaning,civic,left-leaning,False,True,False,True
54,https://bsky.app/profile/kenklippenstein.bsky.social/post/3knt74lknoi2y,civic,left-leaning,not civic,unclear,not civic,unclear,False,True,False,True
55,https://bsky.app/profile/profmusgrave.bsky.social/post/3kngl45twie23,civic,left-leaning,civic,left-leaning,civic,left-leaning,True,True,True,True
56,https://bsky.app/profile/rbreich.bsky.social/post/3kntuqzkjq22f,civic,left-leaning,not civic,unclear,not civic,unclear,False,True,False,True
57,https://bsky.app/profile/johnrogers.bsky.social/post/3knqkvrpipc2y,civic,left-leaning,civic,unclear,civic,unclear,True,True,False,True
58,https://bsky.app/profile/martian-observer.art/post/3knqeo5m6q62v,not civic,unclear,not civic,unclear,not civic,unclear,True,True,True,True
59,https://bsky.app/profile/markwaid.bsky.social/post/3knowtron3322,civic,unclear,civic,left-leaning,civic,left-leaning,True,True,False,True
60,https://bsky.app/profile/boner.ink/post/3knorjh36a525,not civic,unclear,not civic,unclear,not civic,unclear,True,True,True,True
61,https://bsky.app/profile/kellybarnhill.bsky.social/post/3knljdq4r6m2k,civic,left-leaning,civic,right-leaning,not civic,unclear,False,False,False,False
62,https://bsky.app/profile/carlbergstrom.com/post/3knqlji4zgl2d,civic,unclear,not civic,unclear,civic,unclear,False,False,True,True
63,https://bsky.app/profile/dell.bsky.social/post/3knhruxvhn32x,not civic,unclear,civic,right-leaning,not civic,unclear,False,False,False,False
64,https://bsky.app/profile/planet4589.bsky.social/post/3knkdm737is2l,not civic,unclear,civic,left-leaning,civic,left-leaning,False,True,False,True
65,https://bsky.app/profile/lethalityjane.bsky.social/post/3kngn7cloxu2w,civic,right-leaning,civic,unclear,civic,left-leaning,True,True,False,False
66,https://bsky.app/profile/scottsantens.com/post/3knqkh2es7k2i,civic,left-leaning,civic,unclear,not civic,unclear,False,False,False,True
67,https://bsky.app/profile/newamauta.bsky.social/post/3knrn5ary4c2t,civic,left-leaning,not civic,unclear,not civic,unclear,False,True,False,True
68,https://bsky.app/profile/mtsw.bsky.social/post/3knotbzuddk2p,civic,left-leaning,not civic,unclear,not civic,unclear,False,True,False,True
69,https://bsky.app/profile/alishagrauso.bsky.social/post/3kndutirhrd2z,not civic,unclear,civic,left-leaning,civic,left-leaning,False,True,False,True
70,https://bsky.app/profile/rzhongnotes.bsky.social/post/3knfdpymu3x2b,not civic,unclear,not civic,unclear,civic,left-leaning,False,False,False,False
71,https://bsky.app/profile/nycsouthpaw.bsky.social/post/3kntar6c6ps2o,civic,left-leaning,not civic,unclear,not civic,unclear,False,True,False,True
72,https://bsky.app/profile/secretaboutbox.bsky.social/post/3knlqwt2l322n,civic,left-leaning,not civic,unclear,not civic,unclear,False,True,False,True
73,https://bsky.app/profile/adamcsharp.bsky.social/post/3kndmavqtkt2s,not civic,unclear,civic,left-leaning,civic,left-leaning,False,True,False,True
74,https://bsky.app/profile/catsofyore.bsky.social/post/3knrc7vc6gx2c,not civic,unclear,civic,left-leaning,civic,left-leaning,False,True,False,True
75,https://bsky.app/profile/rincewind.run/post/3knly7zt6322w,civic,left-leaning,civic,left-leaning,civic,left-leaning,True,True,True,True
76,https://bsky.app/profile/chadloder.bsky.social/post/3knmjanu2u22u,civic,right-leaning,not civic,unclear,not civic,unclear,False,True,False,True
77,https://bsky.app/profile/mtsw.bsky.social/post/3knsa4bv3wg26,civic,left-leaning,civic,left-leaning,civic,left-leaning,True,True,True,True
78,https://bsky.app/profile/catsofyore.bsky.social/post/3knk2bgm5ms2i,not civic,unclear,civic,right-leaning,civic,left-leaning,False,True,False,False
79,https://bsky.app/profile/dell.bsky.social/post/3knkpereuc22a,civic,left-leaning,not civic,unclear,not civic,unclear,False,True,False,True
80,https://bsky.app/profile/mommunism.bsky.social/post/3kneg3vwgzl2p,civic,left-leaning,civic,left-leaning,civic,left-leaning,True,True,True,True
81,https://bsky.app/profile/leer.bsky.social/post/3knh3k7kgg22p,civic,left-leaning,civic,left-leaning,civic,left-leaning,True,True,True,True
82,https://bsky.app/profile/murshedz.bsky.social/post/3kno66rxcbf2e,civic,left-leaning,civic,left-leaning,civic,left-leaning,True,True,True,True
83,https://bsky.app/profile/seriousfreudoffice.bsky.social/post/3kntotf4qi42k,civic,left-leaning,civic,left-leaning,civic,left-leaning,True,True,True,True
84,https://bsky.app/profile/ryanlcooper.com/post/3ko2hoexa322o,civic,left-leaning,civic,unclear,not civic,unclear,False,False,False,True
85,https://bsky.app/profile/ryanlcooper.com/post/3knrp4bjslk2m,civic,left-leaning,civic,left-leaning,civic,left-leaning,True,True,True,True
86,https://bsky.app/profile/scottsantens.com/post/3knsupwoqyk2y,civic,left-leaning,civic,right-leaning,civic,left-leaning,True,True,False,False
87,https://bsky.app/profile/joshuaphill.bsky.social/post/3kndwmoo3c22a,not civic,unclear,civic,left-leaning,civic,left-leaning,False,True,False,True
88,https://bsky.app/profile/kashana.bsky.social/post/3knlke7yvz222,civic,left-leaning,civic,right-leaning,civic,left-leaning,True,True,False,False
89,https://bsky.app/profile/chadloder.bsky.social/post/3kneut55qut2v,civic,left-leaning,civic,right-leaning,civic,left-leaning,True,True,False,False
90,https://bsky.app/profile/gbbranstetter.bsky.social/post/3knj75qu6vn2y,civic,left-leaning,not civic,unclear,not civic,unclear,False,True,False,True
91,https://bsky.app/profile/jbouie.bsky.social/post/3kniqsm2hz622,civic,left-leaning,civic,left-leaning,civic,left-leaning,True,True,True,True
92,https://bsky.app/profile/markharris.bsky.social/post/3knewm3dsrd2t,not civic,unclear,not civic,unclear,not civic,unclear,True,True,True,True
93,https://bsky.app/profile/zitron.bsky.social/post/3knecwbxjds24,not civic,unclear,not civic,unclear,not civic,unclear,True,True,True,True
94,https://bsky.app/profile/mikedrucker.bsky.social/post/3knixnbl6x62i,not civic,unclear,civic,left-leaning,civic,left-leaning,False,True,False,True
95,https://bsky.app/profile/astrokatie.com/post/3knf6gss7h22h,not civic,unclear,not civic,unclear,civic,left-leaning,False,False,False,False
96,https://bsky.app/profile/quinnae.com/post/3knmlpr4qdk2u,not civic,unclear,civic,unclear,not civic,unclear,False,False,True,True
97,https://bsky.app/profile/iboudreau.bsky.social/post/3knmd2kwl6s27,not civic,unclear,civic,left-leaning,civic,left-leaning,False,True,False,True
98,https://bsky.app/profile/erictopol.bsky.social/post/3knjvwdcmps2v,not civic,unclear,not civic,unclear,not civic,unclear,True,True,True,True
99,https://bsky.app/profile/rbreich.bsky.social/post/3knu26jrbls2s,civic,left-leaning,civic,left-leaning,civic,left-leaning,True,True,True,True
100,https://bsky.app/profile/oregonzoo.bsky.social/post/3kngw3mk7o42y,not civic,unclear,not civic,unclear,not civic,unclear,True,True,True,True
101,https://bsky.app/profile/coachfinstock.bsky.social/post/3knjri3xoj42x,civic,left-leaning,civic,left-leaning,civic,left-leaning,True,True,True,True
102,https://bsky.app/profile/bigbigtruck.bsky.social/post/3knr46thgtc2f,not civic,unclear,not civic,unclear,not civic,unclear,True,True,True,True
103,https://bsky.app/profile/knilirabaj.bsky.social/post/3knlh2nv2rx2q,civic,left-leaning,not civic,unclear,not civic,unclear,False,True,False,True
104,https://bsky.app/profile/ernekid.bsky.social/post/3knrpatsqms2q,not civic,unclear,not civic,unclear,not civic,unclear,True,True,True,True
105,https://bsky.app/profile/kekeflipnote.bsky.social/post/3knvbpok3x72z,not civic,unclear,not civic,unclear,not civic,unclear,True,True,True,True
106,https://bsky.app/profile/jeffgerstmann.com/post/3knrw4snwu22x,not civic,unclear,civic,left-leaning,civic,left-leaning,False,True,False,True
107,https://bsky.app/profile/clpolk.com/post/3knevnjczp52b,not civic,unclear,not civic,unclear,not civic,unclear,True,True,True,True
108,https://bsky.app/profile/joshuafoust.com/post/3kngjtesfd22j,civic,moderate,civic,right-leaning,civic,left-leaning,True,True,False,False
109,https://bsky.app/profile/funranium.bsky.social/post/3knk66bfxbc2w,not civic,unclear,not civic,unclear,not civic,unclear,True,True,True,True
110,https://bsky.app/profile/profmusgrave.bsky.social/post/3kngvpjdcup2t,not civic,unclear,civic,left-leaning,civic,left-leaning,False,True,False,True
111,https://bsky.app/profile/joshuajfriedman.com/post/3knjpith6ze2p,civic,left-leaning,not civic,unclear,not civic,unclear,False,True,False,True
112,https://bsky.app/profile/theferocity.bsky.social/post/3knghe24qtm2n,not civic,unclear,not civic,unclear,not civic,unclear,True,True,True,True
113,https://bsky.app/profile/rbreich.bsky.social/post/3kno63o53g22f,civic,right-leaning,civic,right-leaning,civic,left-leaning,True,True,False,False
114,https://bsky.app/profile/catsofyore.bsky.social/post/3knf6jn2hbl2d,not civic,unclear,civic,left-leaning,civic,left-leaning,False,True,False,True
115,https://bsky.app/profile/catsofyore.bsky.social/post/3knrzlavx4n2z,not civic,unclear,civic,unclear,civic,left-leaning,False,True,False,False
116,https://bsky.app/profile/surcomplicated.bsky.social/post/3knexl344bs2f,not civic,unclear,civic,right-leaning,civic,left-leaning,False,True,False,False
117,https://bsky.app/profile/econroy.bsky.social/post/3knirhf3gal26,civic,left-leaning,not civic,unclear,not civic,unclear,False,True,False,True
118,https://bsky.app/profile/thetattooedprof.bsky.social/post/3kng25fyspk2j,not civic,unclear,not civic,unclear,not civic,unclear,True,True,True,True
119,https://bsky.app/profile/edyong209.bsky.social/post/3kntq5w2o4s2l,not civic,unclear,civic,unclear,civic,right-leaning,False,True,False,False
120,https://bsky.app/profile/astrokatie.com/post/3knguix4dyp2b,not civic,unclear,not civic,unclear,not civic,unclear,True,True,True,True
121,https://bsky.app/profile/josiah.lol/post/3knr6koe6fp26,civic,left-leaning,civic,unclear,civic,left-leaning,True,True,False,False
122,https://bsky.app/profile/petersagal.bsky.social/post/3kntzi3j2id2q,civic,left-leaning,not civic,unclear,not civic,unclear,False,True,False,True
123,https://bsky.app/profile/davidjroth.bsky.social/post/3knen3cqrjs2b,not civic,unclear,civic,unclear,civic,left-leaning,False,True,False,False
124,https://bsky.app/profile/thetigerspot.bsky.social/post/3knqcn632f22c,not civic,unclear,not civic,unclear,not civic,unclear,True,True,True,True
125,https://bsky.app/profile/chimeracoder.bsky.social/post/3knj5kpczic2u,civic,left-leaning,civic,left-leaning,civic,left-leaning,True,True,True,True
126,https://bsky.app/profile/junlper.bsky.social/post/3knjeikjx4w2f,civic,left-leaning,civic,unclear,civic,unclear,True,True,False,True
127,https://bsky.app/profile/anarchonion.bsky.social/post/3knheuellvh2e,not civic,unclear,not civic,unclear,not civic,unclear,True,True,True,True
128,https://bsky.app/profile/jbouie.bsky.social/post/3knrfaap7jk2r,not civic,unclear,not civic,unclear,not civic,unclear,True,True,True,True
129,https://bsky.app/profile/lolgop.bsky.social/post/3kntnef2boc2g,civic,left-leaning,civic,left-leaning,civic,left-leaning,True,True,True,True
130,https://bsky.app/profile/pkrugman.bsky.social/post/3knsutaqimd2i,civic,unclear,civic,left-leaning,civic,left-leaning,True,True,False,True
131,https://bsky.app/profile/leavittalone.bsky.social/post/3knf4ml5wct2y,not civic,unclear,civic,left-leaning,civic,left-leaning,False,True,False,True
132,https://bsky.app/profile/kenlowery.bsky.social/post/3knht3bbski2h,not civic,unclear,not civic,unclear,not civic,unclear,True,True,True,True
133,https://bsky.app/profile/tomtomorrow.bsky.social/post/3knmfzxekis2g,not civic,unclear,civic,left-leaning,civic,left-leaning,False,True,False,True
134,https://bsky.app/profile/bethanyblack.bsky.social/post/3kngblii3yk2m,not civic,unclear,not civic,unclear,not civic,unclear,True,True,True,True
135,https://bsky.app/profile/beckyhammer.bsky.social/post/3knroe26jo42b,not civic,unclear,not civic,unclear,civic,left-leaning,False,False,False,False
136,https://bsky.app/profile/neolithicsheep.bsky.social/post/3knrsd5yzsh2c,civic,left-leaning,not civic,unclear,not civic,unclear,False,True,False,True
137,https://bsky.app/profile/npr.org/post/3kntjjdda3k2r,civic,left-leaning,not civic,unclear,not civic,unclear,False,True,False,True
138,https://bsky.app/profile/astrokatie.com/post/3knj5lqzfbt2l,not civic,unclear,civic,right-leaning,civic,right-leaning,False,True,False,True
139,https://bsky.app/profile/strandjunker.bsky.social/post/3knelbsrdwc2n,civic,left-leaning,civic,left-leaning,civic,left-leaning,True,True,True,True
140,https://bsky.app/profile/crushbort.bsky.social/post/3knecuxoiig2o,not civic,unclear,not civic,unclear,not civic,unclear,True,True,True,True
141,https://bsky.app/profile/ryannorth.ca/post/3kngzpi57tm2y,not civic,unclear,not civic,unclear,not civic,unclear,True,True,True,True
142,https://bsky.app/profile/jesseltaylor.bsky.social/post/3knp2ktkfqs2g,civic,right-leaning,civic,right-leaning,not civic,unclear,False,False,False,False
143,https://bsky.app/profile/rbreich.bsky.social/post/3knojzl5xh32g,civic,left-leaning,not civic,unclear,not civic,unclear,False,True,False,True
144,https://bsky.app/profile/pixelatedboat.bsky.social/post/3knrzoc5lfc2r,not civic,unclear,civic,right-leaning,civic,left-leaning,False,True,False,False
145,https://bsky.app/profile/lethalityjane.bsky.social/post/3knmna43n4c2u,not civic,unclear,civic,left-leaning,civic,left-leaning,False,True,False,True
146,https://bsky.app/profile/pbump.com/post/3knlocwi4ac24,not civic,unclear,civic,left-leaning,civic,left-leaning,False,True,False,True
147,https://bsky.app/profile/catsofyore.bsky.social/post/3knmnr6lu5s2q,not civic,unclear,not civic,unclear,not civic,unclear,True,True,True,True
148,https://bsky.app/profile/weirwoodtreehug.bsky.social/post/3knt66pbp6227,civic,left-leaning,civic,left-leaning,civic,left-leaning,True,True,True,True
149,https://bsky.app/profile/encephalophagy.bsky.social/post/3knnot5qsut22,civic,left-leaning,not civic,unclear,not civic,unclear,False,True,False,True
150,https://bsky.app/profile/joshuajfriedman.com/post/3knfcdvb6t22r,civic,unclear,civic,right-leaning,civic,right-leaning,True,True,False,True
151,https://bsky.app/profile/cait.bsky.social/post/3knimvlvulb2a,not civic,unclear,not civic,unclear,not civic,unclear,True,True,True,True
152,https://bsky.app/profile/marisakabas.bsky.social/post/3knuhvjaew324,civic,unclear,not civic,unclear,not civic,unclear,False,True,True,True
153,https://bsky.app/profile/joshuaerlich.bsky.social/post/3knsul6pqtk2x,not civic,unclear,civic,right-leaning,not civic,unclear,False,False,False,False
154,https://bsky.app/profile/andylevy.bsky.social/post/3knfcmr4ith2s,not civic,unclear,civic,unclear,civic,left-leaning,False,True,False,False
155,https://bsky.app/profile/gregpak.bsky.social/post/3knsu6pjy2227,not civic,unclear,not civic,unclear,not civic,unclear,True,True,True,True
156,https://bsky.app/profile/ygalanter.bsky.social/post/3knhrdekmas25,not civic,unclear,civic,left-leaning,civic,left-leaning,False,True,False,True
157,https://bsky.app/profile/npr.org/post/3kntfv6if4m2m,civic,left-leaning,civic,left-leaning,civic,left-leaning,True,True,True,True
158,https://bsky.app/profile/clairewillett.bsky.social/post/3knsa62ucpe2h,not civic,unclear,not civic,unclear,civic,left-leaning,False,False,False,False
159,https://bsky.app/profile/clancyny.bsky.social/post/3knh2gspnxk2a,civic,left-leaning,civic,left-leaning,civic,left-leaning,True,True,True,True
160,https://bsky.app/profile/brendelbored.bsky.social/post/3knlzq5rffc2i,civic,unclear,civic,right-leaning,civic,left-leaning,True,True,False,False
161,https://bsky.app/profile/golikehellmachine.bsky.social/post/3knh6zd4fv326,civic,right-leaning,civic,left-leaning,civic,left-leaning,True,True,False,True
162,https://bsky.app/profile/xoxogossipgita.bsky.social/post/3knhb6bowze2o,civic,left-leaning,civic,left-leaning,civic,moderate,True,True,False,False
163,https://bsky.app/profile/mtsw.bsky.social/post/3kneabcfmam2r,civic,left-leaning,civic,left-leaning,civic,left-leaning,True,True,True,True
164,https://bsky.app/profile/ryanlcooper.com/post/3kntlutpzn22q,civic,right-leaning,civic,moderate,civic,moderate,True,True,False,True
165,https://bsky.app/profile/lindaholmes.bsky.social/post/3knswslt5yt2p,not civic,unclear,not civic,unclear,not civic,unclear,True,True,True,True
166,https://bsky.app/profile/ruemcclammyhand.bsky.social/post/3kntudijxkk2e,civic,left-leaning,civic,left-leaning,civic,left-leaning,True,True,True,True
167,https://bsky.app/profile/secretaboutbox.bsky.social/post/3knlr7zguc22r,civic,left-leaning,civic,left-leaning,civic,left-leaning,True,True,True,True
168,https://bsky.app/profile/nicholasgrossman.bsky.social/post/3knszz6in4i2a,civic,unclear,civic,left-leaning,civic,left-leaning,True,True,False,True
169,https://bsky.app/profile/kendrawrites.bsky.social/post/3knsvqzy2ul2i,civic,left-leaning,civic,left-leaning,civic,left-leaning,True,True,True,True
170,https://bsky.app/profile/fleerultra.bsky.social/post/3kntaqo47jp2c,civic,left-leaning,civic,left-leaning,civic,left-leaning,True,True,True,True
171,https://bsky.app/profile/nycsouthpaw.bsky.social/post/3kntldci2v32f,civic,right-leaning,not civic,unclear,civic,left-leaning,False,False,False,False
172,https://bsky.app/profile/tylerking.bsky.social/post/3knhrouyyak2z,civic,left-leaning,not civic,unclear,not civic,unclear,False,True,False,True
173,https://bsky.app/profile/thomaszimmer.bsky.social/post/3kntnykbten2f,civic,left-leaning,civic,right-leaning,civic,moderate,True,True,False,False
174,https://bsky.app/profile/ellearmageddon.bsky.social/post/3kntztqkpds2q,civic,left-leaning,not civic,unclear,not civic,unclear,False,True,False,True
175,https://bsky.app/profile/veryimportant.lawyer/post/3knu6g6t6ve2e,civic,left-leaning,civic,left-leaning,civic,left-leaning,True,True,True,True
176,https://bsky.app/profile/lukeoneil47.bsky.social/post/3knst3eyt4324,not civic,unclear,civic,left-leaning,civic,left-leaning,False,True,False,True
177,https://bsky.app/profile/notalawyer.bsky.social/post/3knts7ztby224,civic,left-leaning,civic,left-leaning,civic,left-leaning,True,True,True,True
178,https://bsky.app/profile/pixelatedboat.bsky.social/post/3knsryabkfl2r,not civic,unclear,not civic,unclear,not civic,unclear,True,True,True,True
179,https://bsky.app/profile/shengokai.bsky.social/post/3knjxmgdd4s2a,civic,left-leaning,civic,left-leaning,civic,left-leaning,True,True,True,True
180,https://bsky.app/profile/mtsw.bsky.social/post/3knote5ud6422,civic,left-leaning,not civic,unclear,not civic,unclear,False,True,False,True
181,https://bsky.app/profile/bencollins.bsky.social/post/3knqlj267ld2q,civic,left-leaning,civic,right-leaning,civic,left-leaning,True,True,False,False
182,https://bsky.app/profile/brainnotonyet.bsky.social/post/3kntrgg7a5c2s,civic,left-leaning,not civic,unclear,not civic,unclear,False,True,False,True
183,https://bsky.app/profile/rossignol.bsky.social/post/3knthnphit622,not civic,unclear,civic,left-leaning,civic,left-leaning,False,True,False,True
184,https://bsky.app/profile/ohnoshetwitnt.bsky.social/post/3knsnevtne32p,civic,left-leaning,civic,left-leaning,civic,left-leaning,True,True,True,True
185,https://bsky.app/profile/pkrugman.bsky.social/post/3knsuujkgnd22,civic,left-leaning,not civic,unclear,not civic,unclear,False,True,False,True
186,https://bsky.app/profile/tkingfisher.bsky.social/post/3kn73cleu5i2i,not civic,unclear,civic,right-leaning,civic,right-leaning,False,True,False,True
187,https://bsky.app/profile/c0nc0rdance.bsky.social/post/3kntxyhe53s2n,civic,left-leaning,not civic,unclear,not civic,unclear,False,True,False,True
188,https://bsky.app/profile/lolgop.bsky.social/post/3kntt6tiegp25,civic,left-leaning,civic,left-leaning,civic,left-leaning,True,True,True,True
189,https://bsky.app/profile/seantcollins.bsky.social/post/3kntpmgjm7k23,not civic,unclear,not civic,unclear,not civic,unclear,True,True,True,True
190,https://bsky.app/profile/emptywheel.bsky.social/post/3knsncyl6xk2h,civic,left-leaning,civic,right-leaning,civic,right-leaning,True,True,False,True
191,https://bsky.app/profile/lauren.rotatingsandwiches.com/post/3knsrjsqvqx25,not civic,unclear,not civic,unclear,not civic,unclear,True,True,True,True
192,https://bsky.app/profile/raxkingisdead.bsky.social/post/3knsx4h5ims2v,civic,left-leaning,not civic,unclear,not civic,unclear,False,True,False,True
193,https://bsky.app/profile/rincewind.run/post/3kntowvrkyg2g,not civic,unclear,civic,moderate,civic,moderate,False,True,False,True
194,https://bsky.app/profile/machete.gay/post/3kngazrt44n2y,civic,right-leaning,civic,unclear,civic,unclear,True,True,False,True
195,https://bsky.app/profile/theabigailthorn.bsky.social/post/3kntvbg3a3322,not civic,unclear,not civic,unclear,not civic,unclear,True,True,True,True
196,https://bsky.app/profile/cait.bsky.social/post/3knt7cft32e24,not civic,unclear,not civic,unclear,not civic,unclear,True,True,True,True
197,https://bsky.app/profile/lethalityjane.bsky.social/post/3kngnbccuur2i,not civic,unclear,not civic,unclear,not civic,unclear,True,True,True,True
198,https://bsky.app/profile/nycsouthpaw.bsky.social/post/3kntaaxglc22l,not civic,unclear,civic,unclear,civic,left-leaning,False,True,False,False
199,https://bsky.app/profile/garius.bsky.social/post/3knsii7lpjo25,not civic,unclear,civic,left-leaning,civic,left-leaning,False,True,False,True
200,https://bsky.app/profile/tkingfisher.bsky.social/post/3kntf5zvd6x2l,not civic,unclear,not civic,unclear,civic,left-leaning,False,False,False,False
201,https://bsky.app/profile/zitron.bsky.social/post/3kntj6lvtx42i,not civic,unclear,not civic,unclear,civic,left-leaning,False,False,False,False
202,https://bsky.app/profile/gbbranstetter.bsky.social/post/3knssi4ouko24,civic,left-leaning,civic,unclear,not civic,unclear,False,False,False,True
203,https://bsky.app/profile/billcorbett.bsky.social/post/3knt3falxex2i,civic,left-leaning,civic,left-leaning,civic,left-leaning,True,True,True,True
204,https://bsky.app/profile/kevinmkruse.bsky.social/post/3knql7vjojz2c,civic,left-leaning,civic,left-leaning,civic,left-leaning,True,True,True,True
205,https://bsky.app/profile/tylerhuckabee.bsky.social/post/3kntjppn3yn2v,not civic,unclear,civic,left-leaning,civic,left-leaning,False,True,False,True
206,https://bsky.app/profile/esqueer.bsky.social/post/3knt7cwvifc2y,not civic,unclear,not civic,unclear,not civic,unclear,True,True,True,True
207,https://bsky.app/profile/hypervisible.bsky.social/post/3knt6poe6ic2l,not civic,unclear,not civic,unclear,not civic,unclear,True,True,True,True
208,https://bsky.app/profile/skippysbonezone.bsky.social/post/3knt7nflypc2a,civic,left-leaning,civic,left-leaning,civic,left-leaning,True,True,True,True
209,https://bsky.app/profile/juliusgoat.bsky.social/post/3knstcvx3mc2f,civic,left-leaning,civic,left-leaning,civic,left-leaning,True,True,True,True
210,https://bsky.app/profile/nkjemisin.bsky.social/post/3knswvmlf422q,not civic,unclear,civic,left-leaning,civic,left-leaning,False,True,False,True
211,https://bsky.app/profile/tomtomorrow.bsky.social/post/3knr4b7y5a22l,civic,left-leaning,civic,left-leaning,civic,left-leaning,True,True,True,True
212,https://bsky.app/profile/thomaszimmer.bsky.social/post/3kntvjapsc32g,civic,left-leaning,not civic,unclear,not civic,unclear,False,True,False,True
213,https://bsky.app/profile/iboudreau.bsky.social/post/3knr2zmw4lm2w,civic,left-leaning,civic,left-leaning,civic,left-leaning,True,True,True,True
214,https://bsky.app/profile/amalasrosa.bsky.social/post/3knjtcqdiu62t,not civic,unclear,civic,left-leaning,civic,left-leaning,False,True,False,True
215,https://bsky.app/profile/ryanlcooper.com/post/3knt7p4omys2j,not civic,unclear,not civic,unclear,civic,unclear,False,False,True,True
216,https://bsky.app/profile/marygillis.bsky.social/post/3kntq5xnnyl2g,civic,left-leaning,civic,left-leaning,civic,left-leaning,True,True,True,True
217,https://bsky.app/profile/m1randa.bsky.social/post/3knrmizpbum2h,not civic,unclear,not civic,unclear,not civic,unclear,True,True,True,True
218,https://bsky.app/profile/rbreich.bsky.social/post/3kntpz26quc2f,civic,left-leaning,not civic,unclear,not civic,unclear,False,True,False,True
219,https://bsky.app/profile/ryanlcooper.com/post/3kngxbmxabd2z,civic,left-leaning,not civic,unclear,not civic,unclear,False,True,False,True
220,https://bsky.app/profile/notalawyer.bsky.social/post/3kntrz53f2q2i,not civic,unclear,civic,left-leaning,civic,left-leaning,False,True,False,True
221,https://bsky.app/profile/marisakabas.bsky.social/post/3knuiccqspl24,civic,left-leaning,not civic,unclear,not civic,unclear,False,True,False,True
222,https://bsky.app/profile/kilgoretrout.bsky.social/post/3knts2cfxms27,not civic,unclear,civic,left-leaning,civic,left-leaning,False,True,False,True
223,https://bsky.app/profile/kevinmkruse.bsky.social/post/3kntnyj44db2d,not civic,unclear,not civic,unclear,not civic,unclear,True,True,True,True
224,https://bsky.app/profile/abbycohenwl.bsky.social/post/3knt6xtspyd2e,not civic,unclear,not civic,unclear,not civic,unclear,True,True,True,True
225,https://bsky.app/profile/rollwithheather.bsky.social/post/3kntvyod4hp27,civic,left-leaning,not civic,unclear,civic,right-leaning,False,False,False,False
226,https://bsky.app/profile/mtsw.bsky.social/post/3kntaahklhu2u,not civic,unclear,civic,left-leaning,civic,left-leaning,False,True,False,True
227,https://bsky.app/profile/moiradonegan.bsky.social/post/3knt2pofmp52h,civic,left-leaning,civic,left-leaning,civic,left-leaning,True,True,True,True
228,https://bsky.app/profile/nameshiv.bsky.social/post/3knsvvfel6s23,not civic,unclear,civic,left-leaning,civic,left-leaning,False,True,False,True
229,https://bsky.app/profile/ironspike.bsky.social/post/3knu4df74z22m,not civic,unclear,civic,left-leaning,not civic,unclear,False,False,False,False
230,https://bsky.app/profile/keithstack.com/post/3knswykquqt22,civic,right-leaning,civic,right-leaning,civic,left-leaning,True,True,False,False
231,https://bsky.app/profile/sjjphd.bsky.social/post/3kntkae5jxl2q,civic,left-leaning,not civic,unclear,not civic,unclear,False,True,False,True
232,https://bsky.app/profile/jefftiedrich.bsky.social/post/3knsywh5dos2r,civic,left-leaning,not civic,unclear,not civic,unclear,False,True,False,True
233,https://bsky.app/profile/daveanthony.bsky.social/post/3knsrsihslc27,civic,left-leaning,not civic,unclear,not civic,unclear,False,True,False,True
234,https://bsky.app/profile/lindaholmes.bsky.social/post/3knswcufzss2i,not civic,unclear,civic,left-leaning,civic,left-leaning,False,True,False,True
235,https://bsky.app/profile/alexandraerin.com/post/3kntmi4rzqi2a,not civic,unclear,not civic,unclear,not civic,unclear,True,True,True,True
236,https://bsky.app/profile/tkingfisher.bsky.social/post/3knsun2ioof2h,not civic,unclear,civic,left-leaning,civic,left-leaning,False,True,False,True
237,https://bsky.app/profile/thev.bsky.social/post/3knsonj5pf224,not civic,unclear,civic,right-leaning,civic,right-leaning,False,True,False,True
238,https://bsky.app/profile/lauren.rotatingsandwiches.com/post/3knssigwvnd2q,not civic,unclear,civic,unclear,civic,left-leaning,False,True,False,False
239,https://bsky.app/profile/jonrosenberg.bsky.social/post/3knt3tv3fwt2q,not civic,unclear,civic,left-leaning,civic,left-leaning,False,True,False,True
240,https://bsky.app/profile/chadloder.bsky.social/post/3kns2wyiba22r,civic,left-leaning,not civic,unclear,not civic,unclear,False,True,False,True
241,https://bsky.app/profile/gbbranstetter.bsky.social/post/3knstbz6yas22,civic,right-leaning,civic,left-leaning,civic,left-leaning,True,True,False,True
242,https://bsky.app/profile/parismarx.bsky.social/post/3knszodnag223,civic,left-leaning,civic,left-leaning,civic,left-leaning,True,True,True,True
243,https://bsky.app/profile/phillewis.bsky.social/post/3kntqnr52bf2x,civic,unclear,not civic,unclear,not civic,unclear,False,True,True,True
244,https://bsky.app/profile/mtsw.bsky.social/post/3kntcbvt5px2d,civic,right-leaning,not civic,unclear,civic,left-leaning,False,False,False,False
245,https://bsky.app/profile/chup.blakereid.org/post/3knt4e5hh622u,civic,left-leaning,not civic,unclear,not civic,unclear,False,True,False,True
246,https://bsky.app/profile/friede.bsky.social/post/3kntkevzxls2n,not civic,unclear,not civic,unclear,not civic,unclear,True,True,True,True
247,https://bsky.app/profile/ohnoshetwitnt.bsky.social/post/3knswltbh2622,civic,left-leaning,not civic,unclear,not civic,unclear,False,True,False,True
248,https://bsky.app/profile/lindaholmes.bsky.social/post/3knswfyabn22j,not civic,unclear,civic,unclear,civic,right-leaning,False,True,False,False
249,https://bsky.app/profile/gabino.bsky.social/post/3knt53kzb2s2b,not civic,unclear,civic,unclear,not civic,unclear,False,False,True,True
250,https://bsky.app/profile/jameeljaffer.bsky.social/post/3knst4cru622w,civic,unclear,not civic,unclear,not civic,unclear,False,True,True,True
251,https://bsky.app/profile/scalzi.com/post/3kntditajde2r,not civic,unclear,civic,unclear,civic,left-leaning,False,True,False,False
252,https://bsky.app/profile/xoxogossipgita.bsky.social/post/3knubczrxdt2i,not civic,unclear,not civic,unclear,not civic,unclear,True,True,True,True
253,https://bsky.app/profile/mmasnick.bsky.social/post/3kntbjfyh7t2a,not civic,unclear,civic,left-leaning,civic,left-leaning,False,True,False,True
254,https://bsky.app/profile/phillewis.bsky.social/post/3knt32qath22s,not civic,unclear,not civic,unclear,not civic,unclear,True,True,True,True
255,https://bsky.app/profile/sethcotlar.bsky.social/post/3knt5mr4qlk2s,civic,left-leaning,civic,left-leaning,civic,left-leaning,True,True,True,True
256,https://bsky.app/profile/actualandyrichter.bsky.social/post/3kntbmc3wkt2a,not civic,unclear,not civic,unclear,not civic,unclear,True,True,True,True
257,https://bsky.app/profile/restingdinoface.bsky.social/post/3knsxeltlvg24,not civic,unclear,not civic,unclear,not civic,unclear,True,True,True,True
258,https://bsky.app/profile/porkchophair.bsky.social/post/3knsz2eo74o22,not civic,unclear,not civic,unclear,not civic,unclear,True,True,True,True
259,https://bsky.app/profile/rincewind.run/post/3kntgzothvp2q,not civic,unclear,civic,unclear,civic,left-leaning,False,True,False,False
260,https://bsky.app/profile/prufrockluvsong.bsky.social/post/3kntpdn7ewc26,not civic,unclear,not civic,unclear,not civic,unclear,True,True,True,True
261,https://bsky.app/profile/lamhfada.bsky.social/post/3knsu7us5hm2i,civic,left-leaning,not civic,unclear,not civic,unclear,False,True,False,True
262,https://bsky.app/profile/kilgoretrout.bsky.social/post/3kntt5cgf6k25,not civic,unclear,civic,unclear,civic,left-leaning,False,True,False,False
263,https://bsky.app/profile/tomtomorrow.bsky.social/post/3kntijqusvs2r,not civic,unclear,civic,left-leaning,not civic,unclear,False,False,False,False
264,https://bsky.app/profile/premeemohamed.com/post/3knuanjgw4l22,not civic,unclear,civic,unclear,civic,unclear,False,True,True,True
265,https://bsky.app/profile/astrokatie.com/post/3kntc4ibc3322,not civic,unclear,not civic,unclear,not civic,unclear,True,True,True,True
266,https://bsky.app/profile/pairofclaws.bsky.social/post/3knszuwxg2s2h,not civic,unclear,not civic,unclear,not civic,unclear,True,True,True,True
267,https://bsky.app/profile/mondomascots.bsky.social/post/3kntwnnbyzx2t,not civic,unclear,not civic,unclear,not civic,unclear,True,True,True,True
268,https://bsky.app/profile/mmasnick.bsky.social/post/3kntpzl7u7k2g,civic,left-leaning,not civic,unclear,civic,left-leaning,False,False,False,False
269,https://bsky.app/profile/notalawyer.bsky.social/post/3kntshvvg6s2h,not civic,unclear,civic,left-leaning,civic,left-leaning,False,True,False,True
270,https://bsky.app/profile/pardoguerra.bsky.social/post/3knu6hlwo422n,not civic,unclear,not civic,unclear,not civic,unclear,True,True,True,True
271,https://bsky.app/profile/tkingfisher.bsky.social/post/3kn73hc2wrt2r,not civic,unclear,not civic,unclear,not civic,unclear,True,True,True,True
272,https://bsky.app/profile/clairewillett.bsky.social/post/3kntjz2ev432z,not civic,unclear,not civic,unclear,not civic,unclear,True,True,True,True
273,https://bsky.app/profile/lukeoneil47.bsky.social/post/3kntrt7opp62r,not civic,unclear,not civic,unclear,not civic,unclear,True,True,True,True
274,https://bsky.app/profile/mayawest.online/post/3knu2ati2zk2c,not civic,unclear,not civic,unclear,not civic,unclear,True,True,True,True
275,https://bsky.app/profile/secretaboutbox.bsky.social/post/3knu22hsenq2d,civic,left-leaning,not civic,unclear,not civic,unclear,False,True,False,True
276,https://bsky.app/profile/amalelmohtar.com/post/3kntqlaet2j2a,not civic,unclear,not civic,unclear,not civic,unclear,True,True,True,True
277,https://bsky.app/profile/chucktingle.bsky.social/post/3kntf2owugs2q,not civic,unclear,civic,right-leaning,civic,left-leaning,False,True,False,False
278,https://bsky.app/profile/jeffgerstmann.com/post/3knu6hlng7c2r,not civic,unclear,not civic,unclear,not civic,unclear,True,True,True,True
279,https://bsky.app/profile/juniorhoncho.bsky.social/post/3knsu5ok6v22q,not civic,unclear,not civic,unclear,not civic,unclear,True,True,True,True
280,https://bsky.app/profile/nameshiv.bsky.social/post/3knsvay72kk22,not civic,unclear,not civic,unclear,not civic,unclear,True,True,True,True
281,https://bsky.app/profile/kimhu.bsky.social/post/3knt2i6t4km2c,not civic,unclear,not civic,unclear,not civic,unclear,True,True,True,True
282,https://bsky.app/profile/rincewind.run/post/3kns5cpzyyd2r,not civic,unclear,not civic,unclear,not civic,unclear,True,True,True,True
283,https://bsky.app/profile/rusty.todayintabs.com/post/3kntvqmqxhu2p,civic,left-leaning,civic,right-leaning,civic,left-leaning,True,True,False,False
284,https://bsky.app/profile/theciscokidder.bsky.social/post/3knt7ieeafx2t,not civic,unclear,civic,left-leaning,civic,left-leaning,False,True,False,True
285,https://bsky.app/profile/womensart1.bsky.social/post/3knslk23gk52w,not civic,unclear,civic,left-leaning,civic,left-leaning,False,True,False,True
286,https://bsky.app/profile/paulgcornish.bsky.social/post/3knsux5iyet2h,not civic,unclear,not civic,unclear,not civic,unclear,True,True,True,True
287,https://bsky.app/profile/profmusgrave.bsky.social/post/3knudi2la4u2r,not civic,unclear,not civic,unclear,not civic,unclear,True,True,True,True
288,https://bsky.app/profile/clairewillett.bsky.social/post/3knttyg5wp32i,civic,left-leaning,not civic,unclear,not civic,unclear,False,True,False,True
289,https://bsky.app/profile/wolvendamien.bsky.social/post/3knthj24stk22,civic,left-leaning,not civic,unclear,not civic,unclear,False,True,False,True
290,https://bsky.app/profile/karlbode.bsky.social/post/3knszi55xch2c,civic,left-leaning,civic,left-leaning,civic,left-leaning,True,True,True,True
291,https://bsky.app/profile/scumbelievable.bsky.social/post/3kntc7sey6p25,not civic,unclear,not civic,unclear,not civic,unclear,True,True,True,True
292,https://bsky.app/profile/iboudreau.bsky.social/post/3kntbb7itdh2l,not civic,unclear,civic,left-leaning,civic,left-leaning,False,True,False,True
293,https://bsky.app/profile/catbus.bsky.social/post/3kns3uoaf3i2i,not civic,unclear,civic,left-leaning,civic,left-leaning,False,True,False,True
294,https://bsky.app/profile/trans.bsky.social/post/3kns5og44wd23,not civic,unclear,not civic,unclear,not civic,unclear,True,True,True,True
295,https://bsky.app/profile/amyhoy.bsky.social/post/3knt5dgqdr42k,not civic,unclear,civic,unclear,not civic,unclear,False,False,True,True
296,https://bsky.app/profile/ruemcclammyhand.bsky.social/post/3kntufjhlwo2i,civic,left-leaning,not civic,unclear,not civic,unclear,False,True,False,True
297,https://bsky.app/profile/brendelbored.bsky.social/post/3knu6bmjbft2h,not civic,unclear,civic,left-leaning,civic,left-leaning,False,True,False,True
298,https://bsky.app/profile/profmusgrave.bsky.social/post/3kntqadjt5j2q,civic,left-leaning,not civic,unclear,not civic,unclear,False,True,False,True
299,https://bsky.app/profile/brianklaas.bsky.social/post/3kntizxxzis23,civic,left-leaning,not civic,unclear,not civic,unclear,False,True,False,True
300,https://bsky.app/profile/premeemohamed.com/post/3kntoprggtl2u,not civic,unclear,not civic,unclear,civic,left-leaning,False,False,False,False
301,https://bsky.app/profile/joshgondelman.bsky.social/post/3kntk7ajpdm2k,not civic,unclear,not civic,unclear,civic,left-leaning,False,False,False,False
302,https://bsky.app/profile/propcazhpm.bsky.social/post/3knsia7ym2o2v,not civic,unclear,not civic,unclear,not civic,unclear,True,True,True,True
303,https://bsky.app/profile/kenwhite.bsky.social/post/3kntdez6eas2o,not civic,unclear,not civic,unclear,not civic,unclear,True,True,True,True
304,https://bsky.app/profile/charliejane.bsky.social/post/3kntojyhnhs2u,not civic,unclear,civic,right-leaning,civic,left-leaning,False,True,False,False
305,https://bsky.app/profile/femin.ized.gay/post/3knucom2dxc2x,not civic,unclear,not civic,unclear,not civic,unclear,True,True,True,True
306,https://bsky.app/profile/atherton.bsky.social/post/3knttpz7an22q,civic,left-leaning,not civic,unclear,civic,left-leaning,False,False,False,False
307,https://bsky.app/profile/shoegaze-dad.bsky.social/post/3kns5agfxfk2o,not civic,unclear,not civic,unclear,not civic,unclear,True,True,True,True
308,https://bsky.app/profile/danglinghemmie.bsky.social/post/3knsyfunqws2r,not civic,unclear,not civic,unclear,civic,left-leaning,False,False,False,False
309,https://bsky.app/profile/uncleduke1969.bsky.social/post/3knta6xhclu26,not civic,unclear,civic,left-leaning,not civic,unclear,False,False,False,False
310,https://bsky.app/profile/wolfyama.bsky.social/post/3kntqgzunkk2s,not civic,unclear,not civic,unclear,not civic,unclear,True,True,True,True
311,https://bsky.app/profile/marshwort.bsky.social/post/3kns2pzdkcl26,not civic,unclear,not civic,unclear,not civic,unclear,True,True,True,True
312,https://bsky.app/profile/xoxogossipgita.bsky.social/post/3knrz5izukv2n,not civic,unclear,civic,left-leaning,civic,left-leaning,False,True,False,True
313,https://bsky.app/profile/lookitup.baby/post/3knrzbrrqun24,not civic,unclear,not civic,unclear,not civic,unclear,True,True,True,True
314,https://bsky.app/profile/premeemohamed.com/post/3kntoz735kk2i,not civic,unclear,civic,left-leaning,civic,left-leaning,False,True,False,True
315,https://bsky.app/profile/blueheronfarm.bsky.social/post/3knss2beug22x,not civic,unclear,civic,left-leaning,civic,left-leaning,False,True,False,True
316,https://bsky.app/profile/lubchansky.bsky.social/post/3kntwr2iba32j,not civic,unclear,not civic,unclear,not civic,unclear,True,True,True,True
317,https://bsky.app/profile/swin24.bsky.social/post/3knt3fuzlf42k,not civic,unclear,not civic,unclear,not civic,unclear,True,True,True,True
318,https://bsky.app/profile/comicsinthega.bsky.social/post/3knttnzaw7t2a,civic,left-leaning,civic,left-leaning,civic,left-leaning,True,True,True,True
319,https://bsky.app/profile/rosalarian.bsky.social/post/3kntim6ude22q,not civic,unclear,civic,left-leaning,civic,left-leaning,False,True,False,True
320,https://bsky.app/profile/clairewillett.bsky.social/post/3kntgluq5y22a,not civic,unclear,civic,left-leaning,civic,left-leaning,False,True,False,True
321,https://bsky.app/profile/xoxogossipgita.bsky.social/post/3kntfitdalc22,not civic,unclear,civic,left-leaning,civic,left-leaning,False,True,False,True
322,https://bsky.app/profile/chantalalive.bsky.social/post/3kntip4zk7d2e,civic,left-leaning,civic,left-leaning,civic,right-leaning,True,True,False,False
323,https://bsky.app/profile/lawyersheryl.com/post/3knto3nfhkg26,civic,left-leaning,civic,left-leaning,civic,left-leaning,True,True,True,True
324,https://bsky.app/profile/clairewillett.bsky.social/post/3knsabmagcd22,not civic,unclear,civic,left-leaning,not civic,unclear,False,False,False,False
325,https://bsky.app/profile/jefftiedrich.bsky.social/post/3kntg222wlk2g,civic,left-leaning,civic,left-leaning,civic,left-leaning,True,True,True,True
326,https://bsky.app/profile/mmasnick.bsky.social/post/3knty3h2qye2w,civic,left-leaning,civic,left-leaning,civic,left-leaning,True,True,True,True
327,https://bsky.app/profile/unstablemongoose.bsky.social/post/3kngniii2gi2r,civic,left-leaning,civic,left-leaning,civic,left-leaning,True,True,True,True
