,link,gpt4_civic_label,gpt4_political_label,llama3-8b_civic_label,llama3-8b_political_label,llama3-70b_civic_label,llama3-70b_political_label,civic_hand_label,political_ideology_hand_label
0,https://bsky.app/profile/jbouie.bsky.social/post/3knqbtrdzrz2n,civic,left-leaning,civic,left-leaning,civic,left-leaning,civic,left-leaning
1,https://bsky.app/profile/lethalityjane.bsky.social/post/3kngn4umr3z2e,civic,right-leaning,civic,right-leaning,civic,unclear,civic,unclear
2,https://bsky.app/profile/esqueer.bsky.social/post/3knr77ifjqc2n,civic,left-leaning,civic,left-leaning,civic,left-leaning,civic,left-leaning
3,https://bsky.app/profile/stuflemingnz.bsky.social/post/3knhplc7vta2r,not civic,,not civic,unclear,not civic,unclear,not civic,
4,https://bsky.app/profile/sararoseg.bsky.social/post/3knlniky53223,civic,left-leaning,civic,left-leaning,civic,left-leaning,civic,left-leaning
5,https://bsky.app/profile/bachynski.bsky.social/post/3knvd764tfu2y,civic,unclear,civic,left-leaning,civic,left-leaning,civic,left-leaning
6,https://bsky.app/profile/rainsurname.bsky.social/post/3knhl3db6jt2y,civic,left-leaning,civic,left-leaning,civic,left-leaning,civic,left-leaning
7,https://bsky.app/profile/jgownder.bsky.social/post/3knji5ltct32a,civic,unclear,civic,unclear,not civic,unclear,not civic,
8,https://bsky.app/profile/fallonturing.bsky.social/post/3knonywlopd24,not civic,,not civic,unclear,civic,left-leaning,civic,left-leaning
9,https://bsky.app/profile/gbbranstetter.bsky.social/post/3knnswnhia42r,civic,left-leaning,civic,unclear,civic,left-leaning,civic,left-leaning
10,https://bsky.app/profile/newamauta.bsky.social/post/3knf4e4w7le22,civic,left-leaning,civic,left-leaning,civic,left-leaning,not civic,
11,https://bsky.app/profile/michaelhobbes.bsky.social/post/3knnwnfo6cd2m,civic,left-leaning,civic,left-leaning,civic,left-leaning,civic,left-leaning
12,https://bsky.app/profile/jwgoerlich.bsky.social/post/3knogawk33c2h,not civic,,not civic,unclear,not civic,unclear,not civic,
13,https://bsky.app/profile/cvh.bsky.social/post/3knjs3ge2zo2u,civic,right-leaning,civic,right-leaning,civic,left-leaning,civic,left-leaning
14,https://bsky.app/profile/kashana.bsky.social/post/3kno37bon6326,civic,left-leaning,civic,left-leaning,civic,left-leaning,civic,left-leaning
15,https://bsky.app/profile/xphtherapy.bsky.social/post/3knromke5nt2u,civic,unclear,civic,unclear,civic,left-leaning,civic,left-leaning
16,https://bsky.app/profile/iamspacegirl.bsky.social/post/3knegcr3e3u2x,civic,right-leaning,not civic,unclear,not civic,unclear,not civic,
17,https://bsky.app/profile/mwosam.bsky.social/post/3knjjjvjgmx2m,not civic,,not civic,unclear,not civic,unclear,not civic,
18,https://bsky.app/profile/sararoseg.bsky.social/post/3knloepgvdk2f,civic,left-leaning,civic,left-leaning,civic,left-leaning,civic,left-leaning
19,https://bsky.app/profile/breelundberg.com/post/3kngwl2iigl2m,civic,left-leaning,civic,left-leaning,civic,left-leaning,not civic,
20,https://bsky.app/profile/jbouie.bsky.social/post/3knovykscwk2i,civic,right-leaning,civic,moderate,civic,moderate,civic,unclear
21,https://bsky.app/profile/markharris.bsky.social/post/3knjbkoqy3r2x,civic,left-leaning,civic,right-leaning,civic,left-leaning,civic,left-leaning
22,https://bsky.app/profile/gonebabygone.bsky.social/post/3knj3lcnwsk2y,civic,unclear,civic,unclear,civic,left-leaning,civic,unclear
23,https://bsky.app/profile/eladn.bsky.social/post/3knrbd6hnj42v,civic,left-leaning,civic,left-leaning,civic,left-leaning,civic,left-leaning
24,https://bsky.app/profile/jbouie.bsky.social/post/3knqxnk2ils2i,civic,left-leaning,civic,left-leaning,civic,left-leaning,civic,left-leaning
25,https://bsky.app/profile/fleerultra.bsky.social/post/3knofganxyk2z,civic,left-leaning,civic,left-leaning,civic,left-leaning,civic,left-leaning
26,https://bsky.app/profile/juliadoubleday.bsky.social/post/3knhlxhbewv2k,civic,left-leaning,civic,left-leaning,civic,left-leaning,civic,left-leaning
27,https://bsky.app/profile/normative.bsky.social/post/3knm3cftdos2r,civic,unclear,civic,left-leaning,civic,moderate,civic,unclear
28,https://bsky.app/profile/notalawyer.bsky.social/post/3knhajqkgv22z,civic,left-leaning,civic,left-leaning,civic,left-leaning,civic,left-leaning
29,https://bsky.app/profile/chriswarcraft.bsky.social/post/3knrdpdp7xd2b,civic,left-leaning,not civic,unclear,not civic,unclear,civic,left-leaning
30,https://bsky.app/profile/nickkodama.bsky.social/post/3knlovhpnuk2b,not civic,,not civic,unclear,not civic,unclear,not civic,
31,https://bsky.app/profile/internethippo.bsky.social/post/3knrrzek5h42v,not civic,,civic,left-leaning,civic,left-leaning,not civic,
32,https://bsky.app/profile/knilirabaj.bsky.social/post/3knilna5ius2f,civic,unclear,civic,left-leaning,civic,left-leaning,civic,unclear
33,https://bsky.app/profile/emily.gorcen.ski/post/3kngrwzy7uv2k,civic,left-leaning,civic,right-leaning,civic,right-leaning,civic,
34,https://bsky.app/profile/paleofuture.bsky.social/post/3knf43s66bk2n,not civic,,civic,left-leaning,civic,left-leaning,civic,left-leaning
35,https://bsky.app/profile/sararoseg.bsky.social/post/3knlnrllvyk2k,civic,left-leaning,not civic,unclear,not civic,unclear,civic,unclear
36,https://bsky.app/profile/kenwhite.bsky.social/post/3knri26gx5k25,not civic,,not civic,unclear,not civic,unclear,not civic,
37,https://bsky.app/profile/safety.bsky.app/post/3knjj6y6yoi2i,not civic,,civic,right-leaning,civic,unclear,not civic,
38,https://bsky.app/profile/spavel.bsky.social/post/3knjycv45ik2a,not civic,,civic,left-leaning,civic,left-leaning,not civic,
39,https://bsky.app/profile/lordbusinessman.bsky.social/post/3kngffmjlss2n,not civic,,civic,right-leaning,civic,right-leaning,not civic,
40,https://bsky.app/profile/kashana.bsky.social/post/3knlxntshtk2h,civic,unclear,not civic,unclear,not civic,unclear,civic,left-leaning
41,https://bsky.app/profile/ovna.dev/post/3knef6wfc4l2d,not civic,,civic,left-leaning,civic,left-leaning,not civic,
42,https://bsky.app/profile/evangreer.bsky.social/post/3knk45rdb722i,civic,left-leaning,civic,right-leaning,civic,left-leaning,civic,left-leaning
43,https://bsky.app/profile/vpsreports.bsky.social/post/3knpgffqs6k2a,civic,left-leaning,civic,right-leaning,civic,left-leaning,civic,unclear
44,https://bsky.app/profile/edithcharles.bsky.social/post/3knppw6m6ym2b,not civic,,not civic,unclear,not civic,unclear,not civic,
45,https://bsky.app/profile/kilgoretrout.bsky.social/post/3knjfwno4dy2l,not civic,,not civic,unclear,not civic,unclear,civic,left-leaning
46,https://bsky.app/profile/jrbolt.bsky.social/post/3knkfjwpchs22,not civic,,not civic,unclear,not civic,unclear,not civic,
47,https://bsky.app/profile/thielman.bsky.social/post/3knevenneex2b,not civic,,civic,left-leaning,civic,left-leaning,not civic,
48,https://bsky.app/profile/theradr.bsky.social/post/3knk7aq4twk24,civic,left-leaning,not civic,unclear,not civic,unclear,civic,left-leaning
49,https://bsky.app/profile/rhi.bsky.social/post/3kninwdz6ef2d,not civic,,civic,left-leaning,civic,left-leaning,not civic,
50,https://bsky.app/profile/chantalalive.bsky.social/post/3knr4vrmebc2h,civic,left-leaning,civic,unclear,not civic,unclear,civic,left-leaning
51,https://bsky.app/profile/michaelhobbes.bsky.social/post/3knlu4j5v7s2s,not civic,,civic,right-leaning,civic,moderate,civic,unclear
52,https://bsky.app/profile/kenklippenstein.bsky.social/post/3knt74lknoi2y,civic,left-leaning,not civic,unclear,not civic,unclear,civic,unclear
53,https://bsky.app/profile/profmusgrave.bsky.social/post/3kngl45twie23,civic,left-leaning,civic,left-leaning,civic,left-leaning,civic,left-leaning
54,https://bsky.app/profile/rbreich.bsky.social/post/3kntuqzkjq22f,civic,left-leaning,not civic,unclear,not civic,unclear,civic,left-leaning
55,https://bsky.app/profile/johnrogers.bsky.social/post/3knqkvrpipc2y,civic,left-leaning,civic,unclear,civic,unclear,civic,left-leaning
56,https://bsky.app/profile/martian-observer.art/post/3knqeo5m6q62v,not civic,,not civic,unclear,not civic,unclear,not civic,
57,https://bsky.app/profile/markwaid.bsky.social/post/3knowtron3322,civic,unclear,civic,left-leaning,civic,left-leaning,civic,unclear
58,https://bsky.app/profile/boner.ink/post/3knorjh36a525,not civic,,not civic,unclear,not civic,unclear,not civic,
59,https://bsky.app/profile/kellybarnhill.bsky.social/post/3knljdq4r6m2k,civic,left-leaning,civic,right-leaning,not civic,unclear,civic,left-leaning
60,https://bsky.app/profile/carlbergstrom.com/post/3knqlji4zgl2d,civic,unclear,not civic,unclear,civic,unclear,not civic,
61,https://bsky.app/profile/dell.bsky.social/post/3knhruxvhn32x,not civic,,civic,right-leaning,not civic,unclear,not civic,
62,https://bsky.app/profile/planet4589.bsky.social/post/3knkdm737is2l,not civic,,civic,left-leaning,civic,left-leaning,not civic,
63,https://bsky.app/profile/lethalityjane.bsky.social/post/3kngn7cloxu2w,civic,right-leaning,civic,unclear,civic,left-leaning,civic,right-leaning
64,https://bsky.app/profile/scottsantens.com/post/3knqkh2es7k2i,civic,left-leaning,civic,unclear,not civic,unclear,civic,left-leaning
65,https://bsky.app/profile/mangmangmang.bsky.social/post/3kno26hkn222u,not civic,,civic,left-leaning,civic,left-leaning,not civic,
66,https://bsky.app/profile/newamauta.bsky.social/post/3knrn5ary4c2t,civic,left-leaning,not civic,unclear,not civic,unclear,civic,unclear
67,https://bsky.app/profile/mtsw.bsky.social/post/3knotbzuddk2p,civic,left-leaning,not civic,unclear,not civic,unclear,civic,left-leaning
68,https://bsky.app/profile/alishagrauso.bsky.social/post/3kndutirhrd2z,not civic,,civic,left-leaning,civic,left-leaning,not civic,
69,https://bsky.app/profile/rzhongnotes.bsky.social/post/3knfdpymu3x2b,not civic,,not civic,unclear,civic,left-leaning,not civic,
70,https://bsky.app/profile/nycsouthpaw.bsky.social/post/3kntar6c6ps2o,civic,left-leaning,not civic,unclear,not civic,unclear,civic,left-leaning
71,https://bsky.app/profile/secretaboutbox.bsky.social/post/3knlqwt2l322n,civic,left-leaning,not civic,unclear,not civic,unclear,civic,left-leaning
72,https://bsky.app/profile/adamcsharp.bsky.social/post/3kndmavqtkt2s,not civic,,civic,left-leaning,civic,left-leaning,not civic,
73,https://bsky.app/profile/catsofyore.bsky.social/post/3knrc7vc6gx2c,not civic,,civic,left-leaning,civic,left-leaning,not civic,
74,https://bsky.app/profile/rincewind.run/post/3knly7zt6322w,civic,left-leaning,civic,left-leaning,civic,left-leaning,civic,left-leaning
75,https://bsky.app/profile/chadloder.bsky.social/post/3knmjanu2u22u,civic,right-leaning,not civic,unclear,not civic,unclear,civic,left-leaning
76,https://bsky.app/profile/mtsw.bsky.social/post/3knsa4bv3wg26,civic,left-leaning,civic,left-leaning,civic,left-leaning,civic,left-leaning
77,https://bsky.app/profile/catsofyore.bsky.social/post/3knk2bgm5ms2i,not civic,,civic,right-leaning,civic,left-leaning,not civic,
78,https://bsky.app/profile/dell.bsky.social/post/3knkpereuc22a,civic,left-leaning,not civic,unclear,not civic,unclear,civic,left-leaning
79,https://bsky.app/profile/mommunism.bsky.social/post/3kneg3vwgzl2p,civic,left-leaning,civic,left-leaning,civic,left-leaning,civic,right-leaning
80,https://bsky.app/profile/leer.bsky.social/post/3knh3k7kgg22p,civic,left-leaning,civic,left-leaning,civic,left-leaning,not civic,
81,https://bsky.app/profile/alexanderchee.bsky.social/post/3knincv5iv225,not civic,,civic,unclear,civic,left-leaning,not civic,
82,https://bsky.app/profile/murshedz.bsky.social/post/3kno66rxcbf2e,civic,left-leaning,civic,left-leaning,civic,left-leaning,civic,left-leaning
83,https://bsky.app/profile/seriousfreudoffice.bsky.social/post/3kntotf4qi42k,civic,left-leaning,civic,left-leaning,civic,left-leaning,civic,left-leaning
84,https://bsky.app/profile/ryanlcooper.com/post/3ko2hoexa322o,civic,left-leaning,civic,unclear,not civic,unclear,civic,unclear
85,https://bsky.app/profile/ryanlcooper.com/post/3knrp4bjslk2m,civic,left-leaning,civic,left-leaning,civic,left-leaning,civic,left-leaning
86,https://bsky.app/profile/scottsantens.com/post/3knsupwoqyk2y,civic,left-leaning,civic,right-leaning,civic,left-leaning,civic,left-leaning
87,https://bsky.app/profile/maxkennerly.bsky.social/post/3kndtrgi6ql25,not civic,,civic,unclear,civic,left-leaning,civic,left-leaning
88,https://bsky.app/profile/joshuaphill.bsky.social/post/3kndwmoo3c22a,not civic,,civic,left-leaning,civic,left-leaning,civic,unclear
89,https://bsky.app/profile/kashana.bsky.social/post/3knlke7yvz222,civic,left-leaning,civic,right-leaning,civic,left-leaning,civic,unclear
90,https://bsky.app/profile/chadloder.bsky.social/post/3kneut55qut2v,civic,left-leaning,civic,right-leaning,civic,left-leaning,civic,left-leaning
91,https://bsky.app/profile/gbbranstetter.bsky.social/post/3knj75qu6vn2y,civic,left-leaning,not civic,unclear,not civic,unclear,civic,left-leaning
92,https://bsky.app/profile/jbouie.bsky.social/post/3kniqsm2hz622,civic,left-leaning,civic,left-leaning,civic,left-leaning,civic,unclear
93,https://bsky.app/profile/markharris.bsky.social/post/3knewm3dsrd2t,not civic,,not civic,unclear,not civic,unclear,not civic,
94,https://bsky.app/profile/zitron.bsky.social/post/3knecwbxjds24,not civic,,not civic,unclear,not civic,unclear,civic,left-leaning
95,https://bsky.app/profile/mikedrucker.bsky.social/post/3knixnbl6x62i,not civic,,civic,left-leaning,civic,left-leaning,not civic,
96,https://bsky.app/profile/astrokatie.com/post/3knf6gss7h22h,not civic,,not civic,unclear,civic,left-leaning,not civic,
97,https://bsky.app/profile/quinnae.com/post/3knmlpr4qdk2u,not civic,,civic,unclear,not civic,unclear,civic,left-leaning
98,https://bsky.app/profile/iboudreau.bsky.social/post/3knmd2kwl6s27,not civic,,civic,left-leaning,civic,left-leaning,civic,left-leaning
99,https://bsky.app/profile/erictopol.bsky.social/post/3knjvwdcmps2v,not civic,,not civic,unclear,not civic,unclear,not civic,
100,https://bsky.app/profile/rbreich.bsky.social/post/3knu26jrbls2s,civic,left-leaning,civic,left-leaning,civic,left-leaning,civic,left-leaning
101,https://bsky.app/profile/oregonzoo.bsky.social/post/3kngw3mk7o42y,not civic,,not civic,unclear,not civic,unclear,not civic,
102,https://bsky.app/profile/coachfinstock.bsky.social/post/3knjri3xoj42x,civic,left-leaning,civic,left-leaning,civic,left-leaning,civic,left-leaning
103,https://bsky.app/profile/bigbigtruck.bsky.social/post/3knr46thgtc2f,not civic,,not civic,unclear,not civic,unclear,not civic,
104,https://bsky.app/profile/knilirabaj.bsky.social/post/3knlh2nv2rx2q,civic,left-leaning,not civic,unclear,not civic,unclear,civic,left-leaning
105,https://bsky.app/profile/ernekid.bsky.social/post/3knrpatsqms2q,not civic,,not civic,unclear,not civic,unclear,not civic,
106,https://bsky.app/profile/kekeflipnote.bsky.social/post/3knvbpok3x72z,not civic,,not civic,unclear,not civic,unclear,not civic,
107,https://bsky.app/profile/jeffgerstmann.com/post/3knrw4snwu22x,not civic,,civic,left-leaning,civic,left-leaning,not civic,
108,https://bsky.app/profile/clpolk.com/post/3knevnjczp52b,not civic,,not civic,unclear,not civic,unclear,not civic,
109,https://bsky.app/profile/funranium.bsky.social/post/3knk66bfxbc2w,not civic,,not civic,unclear,not civic,unclear,not civic,
110,https://bsky.app/profile/profmusgrave.bsky.social/post/3kngvpjdcup2t,not civic,,civic,left-leaning,civic,left-leaning,not civic,
111,https://bsky.app/profile/joshuajfriedman.com/post/3knjpith6ze2p,civic,left-leaning,not civic,unclear,not civic,unclear,civic,left-leaning
112,https://bsky.app/profile/theferocity.bsky.social/post/3knghe24qtm2n,not civic,,not civic,unclear,not civic,unclear,not civic,
113,https://bsky.app/profile/rbreich.bsky.social/post/3kno63o53g22f,civic,right-leaning,civic,right-leaning,civic,left-leaning,civic,left-leaning
114,https://bsky.app/profile/catsofyore.bsky.social/post/3knf6jn2hbl2d,not civic,,civic,left-leaning,civic,left-leaning,not civic,
115,https://bsky.app/profile/catsofyore.bsky.social/post/3knrzlavx4n2z,not civic,,civic,unclear,civic,left-leaning,not civic,
116,https://bsky.app/profile/surcomplicated.bsky.social/post/3knexl344bs2f,not civic,,civic,right-leaning,civic,left-leaning,civic,unclear
117,https://bsky.app/profile/econroy.bsky.social/post/3knirhf3gal26,civic,left-leaning,not civic,unclear,not civic,unclear,civic,left-leaning
118,https://bsky.app/profile/thetattooedprof.bsky.social/post/3kng25fyspk2j,not civic,,not civic,unclear,not civic,unclear,not civic,
119,https://bsky.app/profile/edyong209.bsky.social/post/3kntq5w2o4s2l,not civic,,civic,unclear,civic,right-leaning,not civic,
120,https://bsky.app/profile/astrokatie.com/post/3knguix4dyp2b,not civic,,not civic,unclear,not civic,unclear,not civic,
121,https://bsky.app/profile/josiah.lol/post/3knr6koe6fp26,civic,left-leaning,civic,unclear,civic,left-leaning,civic,left-leaning
122,https://bsky.app/profile/petersagal.bsky.social/post/3kntzi3j2id2q,civic,left-leaning,not civic,unclear,not civic,unclear,civic,left-leaning
123,https://bsky.app/profile/davidjroth.bsky.social/post/3knen3cqrjs2b,not civic,,civic,unclear,civic,left-leaning,not civic,
124,https://bsky.app/profile/golikehellmachine.bsky.social/post/3knh3acqchc2y,not civic,,civic,left-leaning,civic,left-leaning,civic,left-leaning
125,https://bsky.app/profile/thetigerspot.bsky.social/post/3knqcn632f22c,not civic,,not civic,unclear,not civic,unclear,not civic,
126,https://bsky.app/profile/chimeracoder.bsky.social/post/3knj5kpczic2u,civic,left-leaning,civic,left-leaning,civic,left-leaning,civic,left-leaning
127,https://bsky.app/profile/junlper.bsky.social/post/3knjeikjx4w2f,civic,left-leaning,civic,unclear,civic,unclear,civic,left-leaning
128,https://bsky.app/profile/jbouie.bsky.social/post/3knrfaap7jk2r,not civic,,not civic,unclear,not civic,unclear,not civic,
129,https://bsky.app/profile/lolgop.bsky.social/post/3kntnef2boc2g,civic,left-leaning,civic,left-leaning,civic,left-leaning,civic,left-leaning
130,https://bsky.app/profile/pkrugman.bsky.social/post/3knsutaqimd2i,civic,unclear,civic,left-leaning,civic,left-leaning,civic,unclear
131,https://bsky.app/profile/leavittalone.bsky.social/post/3knf4ml5wct2y,not civic,,civic,left-leaning,civic,left-leaning,not civic,
132,https://bsky.app/profile/kenlowery.bsky.social/post/3knht3bbski2h,not civic,,not civic,unclear,not civic,unclear,not civic,
133,https://bsky.app/profile/tomtomorrow.bsky.social/post/3knmfzxekis2g,not civic,,civic,left-leaning,civic,left-leaning,civic,left-leaning
134,https://bsky.app/profile/bethanyblack.bsky.social/post/3kngblii3yk2m,not civic,,not civic,unclear,not civic,unclear,civic,left-leaning
135,https://bsky.app/profile/beckyhammer.bsky.social/post/3knroe26jo42b,not civic,,not civic,unclear,civic,left-leaning,not civic,
136,https://bsky.app/profile/neolithicsheep.bsky.social/post/3knrsd5yzsh2c,civic,left-leaning,not civic,unclear,not civic,unclear,civic,left-leaning
137,https://bsky.app/profile/npr.org/post/3kntjjdda3k2r,civic,left-leaning,not civic,unclear,not civic,unclear,civic,left-leaning
138,https://bsky.app/profile/astrokatie.com/post/3knj5lqzfbt2l,not civic,,civic,right-leaning,civic,right-leaning,not civic,
139,https://bsky.app/profile/strandjunker.bsky.social/post/3knelbsrdwc2n,civic,left-leaning,civic,left-leaning,civic,left-leaning,civic,left-leaning
140,https://bsky.app/profile/crushbort.bsky.social/post/3knecuxoiig2o,not civic,,not civic,unclear,not civic,unclear,not civic,
141,https://bsky.app/profile/ryannorth.ca/post/3kngzpi57tm2y,not civic,,not civic,unclear,not civic,unclear,not civic,
142,https://bsky.app/profile/jesseltaylor.bsky.social/post/3knp2ktkfqs2g,civic,right-leaning,civic,right-leaning,not civic,unclear,civic,right-leaning
143,https://bsky.app/profile/rbreich.bsky.social/post/3knojzl5xh32g,civic,left-leaning,not civic,unclear,not civic,unclear,civic,left-leaning
144,https://bsky.app/profile/pixelatedboat.bsky.social/post/3knrzoc5lfc2r,not civic,,civic,right-leaning,civic,left-leaning,not civic,
145,https://bsky.app/profile/lethalityjane.bsky.social/post/3knmna43n4c2u,not civic,,civic,left-leaning,civic,left-leaning,not civic,
146,https://bsky.app/profile/pbump.com/post/3knlocwi4ac24,not civic,,civic,left-leaning,civic,left-leaning,civic,left-leaning
147,https://bsky.app/profile/catsofyore.bsky.social/post/3knmnr6lu5s2q,not civic,,not civic,unclear,not civic,unclear,not civic,
148,https://bsky.app/profile/weirwoodtreehug.bsky.social/post/3knt66pbp6227,civic,left-leaning,civic,left-leaning,civic,left-leaning,civic,left-leaning
149,https://bsky.app/profile/encephalophagy.bsky.social/post/3knnot5qsut22,civic,left-leaning,not civic,unclear,not civic,unclear,civic,left-leaning
150,https://bsky.app/profile/joshuajfriedman.com/post/3knfcdvb6t22r,civic,unclear,civic,right-leaning,civic,right-leaning,civic,left-leaning
151,https://bsky.app/profile/cait.bsky.social/post/3knimvlvulb2a,not civic,,not civic,unclear,not civic,unclear,not civic,
152,https://bsky.app/profile/marisakabas.bsky.social/post/3knuhvjaew324,civic,unclear,not civic,unclear,not civic,unclear,civic,left-leaning
153,https://bsky.app/profile/joshuaerlich.bsky.social/post/3knsul6pqtk2x,not civic,,civic,right-leaning,not civic,unclear,civic,left-leaning
154,https://bsky.app/profile/rincewind.run/post/3knjqnssmzr2a,civic,left-leaning,civic,left-leaning,civic,left-leaning,civic,left-leaning
155,https://bsky.app/profile/andylevy.bsky.social/post/3knfcmr4ith2s,not civic,,civic,unclear,civic,left-leaning,not civic,
156,https://bsky.app/profile/gregpak.bsky.social/post/3knsu6pjy2227,not civic,,not civic,unclear,not civic,unclear,not civic,
157,https://bsky.app/profile/ygalanter.bsky.social/post/3knhrdekmas25,not civic,,civic,left-leaning,civic,left-leaning,not civic,
158,https://bsky.app/profile/markharris.bsky.social/post/3knf7uyywym2i,civic,left-leaning,civic,unclear,not civic,unclear,civic,left-leaning
159,https://bsky.app/profile/npr.org/post/3kntfv6if4m2m,civic,left-leaning,civic,left-leaning,civic,left-leaning,civic,moderate
160,https://bsky.app/profile/clairewillett.bsky.social/post/3knsa62ucpe2h,not civic,,not civic,unclear,civic,left-leaning,not civic,
161,https://bsky.app/profile/clancyny.bsky.social/post/3knh2gspnxk2a,civic,left-leaning,civic,left-leaning,civic,left-leaning,civic,left-leaning
162,https://bsky.app/profile/brendelbored.bsky.social/post/3knlzq5rffc2i,civic,unclear,civic,right-leaning,civic,left-leaning,not civic,
163,https://bsky.app/profile/golikehellmachine.bsky.social/post/3knh6zd4fv326,civic,right-leaning,civic,left-leaning,civic,left-leaning,civic,left-leaning
164,https://bsky.app/profile/xoxogossipgita.bsky.social/post/3knhb6bowze2o,civic,left-leaning,civic,left-leaning,civic,moderate,civic,left-leaning
165,https://bsky.app/profile/mtsw.bsky.social/post/3kneabcfmam2r,civic,left-leaning,civic,left-leaning,civic,left-leaning,civic,left-leaning
166,https://bsky.app/profile/ryanlcooper.com/post/3kntlutpzn22q,civic,right-leaning,civic,moderate,civic,moderate,civic,left-leaning
167,https://bsky.app/profile/lindaholmes.bsky.social/post/3knswslt5yt2p,not civic,,not civic,unclear,not civic,unclear,civic,left-leaning
168,https://bsky.app/profile/ruemcclammyhand.bsky.social/post/3kntudijxkk2e,civic,left-leaning,civic,left-leaning,civic,left-leaning,civic,left-leaning
169,https://bsky.app/profile/secretaboutbox.bsky.social/post/3knlr7zguc22r,civic,left-leaning,civic,left-leaning,civic,left-leaning,civic,left-leaning
170,https://bsky.app/profile/nicholasgrossman.bsky.social/post/3knszz6in4i2a,civic,unclear,civic,left-leaning,civic,left-leaning,civic,moderate
171,https://bsky.app/profile/kendrawrites.bsky.social/post/3knsvqzy2ul2i,civic,left-leaning,civic,left-leaning,civic,left-leaning,not civic,
172,https://bsky.app/profile/fleerultra.bsky.social/post/3kntaqo47jp2c,civic,left-leaning,civic,left-leaning,civic,left-leaning,civic,left-leaning
173,https://bsky.app/profile/nycsouthpaw.bsky.social/post/3kntldci2v32f,civic,right-leaning,not civic,unclear,civic,left-leaning,civic,left-leaning
174,https://bsky.app/profile/tylerking.bsky.social/post/3knhrouyyak2z,civic,left-leaning,not civic,unclear,not civic,unclear,civic,left-leaning
175,https://bsky.app/profile/thomaszimmer.bsky.social/post/3kntnykbten2f,civic,left-leaning,civic,right-leaning,civic,moderate,civic,left-leaning
176,https://bsky.app/profile/ellearmageddon.bsky.social/post/3kntztqkpds2q,civic,left-leaning,not civic,unclear,not civic,unclear,civic,left-leaning
177,https://bsky.app/profile/veryimportant.lawyer/post/3knu6g6t6ve2e,civic,left-leaning,civic,left-leaning,civic,left-leaning,civic,left-leaning
178,https://bsky.app/profile/lukeoneil47.bsky.social/post/3knst3eyt4324,not civic,,civic,left-leaning,civic,left-leaning,not civic,
179,https://bsky.app/profile/notalawyer.bsky.social/post/3knts7ztby224,civic,left-leaning,civic,left-leaning,civic,left-leaning,civic,moderate
180,https://bsky.app/profile/pixelatedboat.bsky.social/post/3knsryabkfl2r,not civic,,not civic,unclear,not civic,unclear,not civic,
181,https://bsky.app/profile/shengokai.bsky.social/post/3knjxmgdd4s2a,civic,left-leaning,civic,left-leaning,civic,left-leaning,civic,left-leaning
182,https://bsky.app/profile/mtsw.bsky.social/post/3knote5ud6422,civic,left-leaning,not civic,unclear,not civic,unclear,civic,left-leaning
183,https://bsky.app/profile/bencollins.bsky.social/post/3knqlj267ld2q,civic,left-leaning,civic,right-leaning,civic,left-leaning,civic,left-leaning
184,https://bsky.app/profile/brainnotonyet.bsky.social/post/3kntrgg7a5c2s,civic,left-leaning,not civic,unclear,not civic,unclear,civic,left-leaning
185,https://bsky.app/profile/rossignol.bsky.social/post/3knthnphit622,not civic,,civic,left-leaning,civic,left-leaning,not civic,
186,https://bsky.app/profile/ohnoshetwitnt.bsky.social/post/3knsnevtne32p,civic,left-leaning,civic,left-leaning,civic,left-leaning,civic,left-leaning
187,https://bsky.app/profile/pkrugman.bsky.social/post/3knsuujkgnd22,civic,left-leaning,not civic,unclear,not civic,unclear,civic,moderate
188,https://bsky.app/profile/tkingfisher.bsky.social/post/3kn73cleu5i2i,not civic,,civic,right-leaning,civic,right-leaning,not civic,
189,https://bsky.app/profile/c0nc0rdance.bsky.social/post/3kntxyhe53s2n,civic,left-leaning,not civic,unclear,not civic,unclear,civic,left-leaning
190,https://bsky.app/profile/lolgop.bsky.social/post/3kntt6tiegp25,civic,left-leaning,civic,left-leaning,civic,left-leaning,civic,left-leaning
191,https://bsky.app/profile/seantcollins.bsky.social/post/3kntpmgjm7k23,not civic,,not civic,unclear,not civic,unclear,not civic,
192,https://bsky.app/profile/emptywheel.bsky.social/post/3knsncyl6xk2h,civic,left-leaning,civic,right-leaning,civic,right-leaning,civic,right-leaning
193,https://bsky.app/profile/lauren.rotatingsandwiches.com/post/3knsrjsqvqx25,not civic,,not civic,unclear,not civic,unclear,not civic,
194,https://bsky.app/profile/raxkingisdead.bsky.social/post/3knsx4h5ims2v,civic,left-leaning,not civic,unclear,not civic,unclear,civic,left-leaning
195,https://bsky.app/profile/rincewind.run/post/3kntowvrkyg2g,not civic,,civic,moderate,civic,moderate,not civic,
196,https://bsky.app/profile/machete.gay/post/3kngazrt44n2y,civic,right-leaning,civic,unclear,civic,unclear,civic,right-leaning
197,https://bsky.app/profile/theabigailthorn.bsky.social/post/3kntvbg3a3322,not civic,,not civic,unclear,not civic,unclear,not civic,
198,https://bsky.app/profile/cait.bsky.social/post/3knt7cft32e24,not civic,,not civic,unclear,not civic,unclear,not civic,
199,https://bsky.app/profile/lethalityjane.bsky.social/post/3kngnbccuur2i,not civic,,not civic,unclear,not civic,unclear,civic,moderate
200,https://bsky.app/profile/nycsouthpaw.bsky.social/post/3kntaaxglc22l,not civic,,civic,unclear,civic,left-leaning,civic,unclear
201,https://bsky.app/profile/garius.bsky.social/post/3knsii7lpjo25,not civic,,civic,left-leaning,civic,left-leaning,not civic,
202,https://bsky.app/profile/tkingfisher.bsky.social/post/3kntf5zvd6x2l,not civic,,not civic,unclear,civic,left-leaning,not civic,
203,https://bsky.app/profile/zitron.bsky.social/post/3kntj6lvtx42i,not civic,,not civic,unclear,civic,left-leaning,not civic,
204,https://bsky.app/profile/gbbranstetter.bsky.social/post/3knssi4ouko24,civic,left-leaning,civic,unclear,not civic,unclear,civic,left-leaning
205,https://bsky.app/profile/billcorbett.bsky.social/post/3knt3falxex2i,civic,left-leaning,civic,left-leaning,civic,left-leaning,civic,left-leaning
206,https://bsky.app/profile/kevinmkruse.bsky.social/post/3knql7vjojz2c,civic,left-leaning,civic,left-leaning,civic,left-leaning,civic,left-leaning
207,https://bsky.app/profile/tylerhuckabee.bsky.social/post/3kntjppn3yn2v,not civic,,civic,left-leaning,civic,left-leaning,civic,left-leaning
208,https://bsky.app/profile/esqueer.bsky.social/post/3knt7cwvifc2y,not civic,,not civic,unclear,not civic,unclear,not civic,
209,https://bsky.app/profile/hypervisible.bsky.social/post/3knt6poe6ic2l,not civic,,not civic,unclear,not civic,unclear,not civic,
210,https://bsky.app/profile/skippysbonezone.bsky.social/post/3knt7nflypc2a,civic,left-leaning,civic,left-leaning,civic,left-leaning,civic,left-leaning
211,https://bsky.app/profile/juliusgoat.bsky.social/post/3knstcvx3mc2f,civic,left-leaning,civic,left-leaning,civic,left-leaning,civic,left-leaning
212,https://bsky.app/profile/nkjemisin.bsky.social/post/3knswvmlf422q,not civic,,civic,left-leaning,civic,left-leaning,not civic,
213,https://bsky.app/profile/tomtomorrow.bsky.social/post/3knr4b7y5a22l,civic,left-leaning,civic,left-leaning,civic,left-leaning,civic,left-leaning
214,https://bsky.app/profile/thomaszimmer.bsky.social/post/3kntvjapsc32g,civic,left-leaning,not civic,unclear,not civic,unclear,civic,left-leaning
215,https://bsky.app/profile/iboudreau.bsky.social/post/3knr2zmw4lm2w,civic,left-leaning,civic,left-leaning,civic,left-leaning,civic,left-leaning
216,https://bsky.app/profile/ryanlcooper.com/post/3knt7p4omys2j,not civic,,not civic,unclear,civic,unclear,civic,left-leaning
217,https://bsky.app/profile/marygillis.bsky.social/post/3kntq5xnnyl2g,civic,left-leaning,civic,left-leaning,civic,left-leaning,civic,left-leaning
218,https://bsky.app/profile/m1randa.bsky.social/post/3knrmizpbum2h,not civic,,not civic,unclear,not civic,unclear,not civic,
219,https://bsky.app/profile/rbreich.bsky.social/post/3kntpz26quc2f,civic,left-leaning,not civic,unclear,not civic,unclear,civic,left-leaning
220,https://bsky.app/profile/ryanlcooper.com/post/3kngxbmxabd2z,civic,left-leaning,not civic,unclear,not civic,unclear,civic,left-leaning
221,https://bsky.app/profile/notalawyer.bsky.social/post/3kntrz53f2q2i,not civic,,civic,left-leaning,civic,left-leaning,civic,unclear
222,https://bsky.app/profile/marisakabas.bsky.social/post/3knuiccqspl24,civic,left-leaning,not civic,unclear,not civic,unclear,civic,left-leaning
223,https://bsky.app/profile/kilgoretrout.bsky.social/post/3knts2cfxms27,not civic,,civic,left-leaning,civic,left-leaning,not civic,
224,https://bsky.app/profile/kevinmkruse.bsky.social/post/3kntnyj44db2d,not civic,,not civic,unclear,not civic,unclear,not civic,
225,https://bsky.app/profile/abbycohenwl.bsky.social/post/3knt6xtspyd2e,not civic,,not civic,unclear,not civic,unclear,not civic,
226,https://bsky.app/profile/rollwithheather.bsky.social/post/3kntvyod4hp27,civic,left-leaning,not civic,unclear,civic,right-leaning,civic,left-leaning
227,https://bsky.app/profile/mtsw.bsky.social/post/3kntaahklhu2u,not civic,,civic,left-leaning,civic,left-leaning,not civic,
228,https://bsky.app/profile/moiradonegan.bsky.social/post/3knt2pofmp52h,civic,left-leaning,civic,left-leaning,civic,left-leaning,civic,left-leaning
229,https://bsky.app/profile/nameshiv.bsky.social/post/3knsvvfel6s23,not civic,,civic,left-leaning,civic,left-leaning,not civic,
230,https://bsky.app/profile/ironspike.bsky.social/post/3knu4df74z22m,not civic,,civic,left-leaning,not civic,unclear,not civic,
231,https://bsky.app/profile/keithstack.com/post/3knswykquqt22,civic,right-leaning,civic,right-leaning,civic,left-leaning,civic,right-leaning
232,https://bsky.app/profile/sjjphd.bsky.social/post/3kntkae5jxl2q,civic,left-leaning,not civic,unclear,not civic,unclear,civic,left-leaning
233,https://bsky.app/profile/jefftiedrich.bsky.social/post/3knsywh5dos2r,civic,left-leaning,not civic,unclear,not civic,unclear,civic,left-leaning
234,https://bsky.app/profile/daveanthony.bsky.social/post/3knsrsihslc27,civic,left-leaning,not civic,unclear,not civic,unclear,civic,left-leaning
235,https://bsky.app/profile/lindaholmes.bsky.social/post/3knswcufzss2i,not civic,,civic,left-leaning,civic,left-leaning,not civic,
236,https://bsky.app/profile/alexandraerin.com/post/3kntmi4rzqi2a,not civic,,not civic,unclear,not civic,unclear,civic,left-leaning
237,https://bsky.app/profile/tkingfisher.bsky.social/post/3knsun2ioof2h,not civic,,civic,left-leaning,civic,left-leaning,not civic,
238,https://bsky.app/profile/thev.bsky.social/post/3knsonj5pf224,not civic,,civic,right-leaning,civic,right-leaning,not civic,
239,https://bsky.app/profile/lauren.rotatingsandwiches.com/post/3knssigwvnd2q,not civic,,civic,unclear,civic,left-leaning,not civic,
240,https://bsky.app/profile/jonrosenberg.bsky.social/post/3knt3tv3fwt2q,not civic,,civic,left-leaning,civic,left-leaning,not civic,
241,https://bsky.app/profile/chadloder.bsky.social/post/3kns2wyiba22r,civic,left-leaning,not civic,unclear,not civic,unclear,civic,left-leaning
242,https://bsky.app/profile/gbbranstetter.bsky.social/post/3knstbz6yas22,civic,right-leaning,civic,left-leaning,civic,left-leaning,civic,left-leaning
243,https://bsky.app/profile/parismarx.bsky.social/post/3knszodnag223,civic,left-leaning,civic,left-leaning,civic,left-leaning,civic,left-leaning
244,https://bsky.app/profile/phillewis.bsky.social/post/3kntqnr52bf2x,civic,unclear,not civic,unclear,not civic,unclear,not civic,
245,https://bsky.app/profile/mtsw.bsky.social/post/3kntcbvt5px2d,civic,right-leaning,not civic,unclear,civic,left-leaning,civic,left-leaning
246,https://bsky.app/profile/friede.bsky.social/post/3kntkevzxls2n,not civic,,not civic,unclear,not civic,unclear,not civic,
247,https://bsky.app/profile/ohnoshetwitnt.bsky.social/post/3knswltbh2622,civic,left-leaning,not civic,unclear,not civic,unclear,civic,left-leaning
248,https://bsky.app/profile/lindaholmes.bsky.social/post/3knswfyabn22j,not civic,,civic,unclear,civic,right-leaning,not civic,
249,https://bsky.app/profile/gabino.bsky.social/post/3knt53kzb2s2b,not civic,,civic,unclear,not civic,unclear,not civic,
250,https://bsky.app/profile/jameeljaffer.bsky.social/post/3knst4cru622w,civic,unclear,not civic,unclear,not civic,unclear,civic,left-leaning
251,https://bsky.app/profile/scalzi.com/post/3kntditajde2r,not civic,,civic,unclear,civic,left-leaning,not civic,
252,https://bsky.app/profile/xoxogossipgita.bsky.social/post/3knubczrxdt2i,not civic,,not civic,unclear,not civic,unclear,not civic,
253,https://bsky.app/profile/mmasnick.bsky.social/post/3kntbjfyh7t2a,not civic,,civic,left-leaning,civic,left-leaning,civic,right-leaning
254,https://bsky.app/profile/phillewis.bsky.social/post/3knt32qath22s,not civic,,not civic,unclear,not civic,unclear,not civic,
255,https://bsky.app/profile/sethcotlar.bsky.social/post/3knt5mr4qlk2s,civic,left-leaning,civic,left-leaning,civic,left-leaning,civic,left-leaning
256,https://bsky.app/profile/actualandyrichter.bsky.social/post/3kntbmc3wkt2a,not civic,,not civic,unclear,not civic,unclear,not civic,
257,https://bsky.app/profile/restingdinoface.bsky.social/post/3knsxeltlvg24,not civic,,not civic,unclear,not civic,unclear,civic,left-leaning
258,https://bsky.app/profile/porkchophair.bsky.social/post/3knsz2eo74o22,not civic,,not civic,unclear,not civic,unclear,not civic,
259,https://bsky.app/profile/rincewind.run/post/3kntgzothvp2q,not civic,,civic,unclear,civic,left-leaning,civic,left-leaning
260,https://bsky.app/profile/prufrockluvsong.bsky.social/post/3kntpdn7ewc26,not civic,,not civic,unclear,not civic,unclear,not civic,
261,https://bsky.app/profile/lamhfada.bsky.social/post/3knsu7us5hm2i,civic,left-leaning,not civic,unclear,not civic,unclear,civic,left-leaning
262,https://bsky.app/profile/kilgoretrout.bsky.social/post/3kntt5cgf6k25,not civic,,civic,unclear,civic,left-leaning,not civic,
263,https://bsky.app/profile/tomtomorrow.bsky.social/post/3kntijqusvs2r,not civic,,civic,left-leaning,not civic,unclear,not civic,
264,https://bsky.app/profile/premeemohamed.com/post/3knuanjgw4l22,not civic,,civic,unclear,civic,unclear,not civic,
265,https://bsky.app/profile/astrokatie.com/post/3kntc4ibc3322,not civic,,not civic,unclear,not civic,unclear,not civic,
266,https://bsky.app/profile/pairofclaws.bsky.social/post/3knszuwxg2s2h,not civic,,not civic,unclear,not civic,unclear,not civic,
267,https://bsky.app/profile/mondomascots.bsky.social/post/3kntwnnbyzx2t,not civic,,not civic,unclear,not civic,unclear,not civic,
268,https://bsky.app/profile/mmasnick.bsky.social/post/3kntpzl7u7k2g,civic,left-leaning,not civic,unclear,civic,left-leaning,civic,left-leaning
269,https://bsky.app/profile/notalawyer.bsky.social/post/3kntshvvg6s2h,not civic,,civic,left-leaning,civic,left-leaning,not civic,
270,https://bsky.app/profile/pardoguerra.bsky.social/post/3knu6hlwo422n,not civic,,not civic,unclear,not civic,unclear,not civic,
271,https://bsky.app/profile/tkingfisher.bsky.social/post/3kn73hc2wrt2r,not civic,,not civic,unclear,not civic,unclear,not civic,
272,https://bsky.app/profile/clairewillett.bsky.social/post/3kntjz2ev432z,not civic,,not civic,unclear,not civic,unclear,not civic,
273,https://bsky.app/profile/lukeoneil47.bsky.social/post/3kntrt7opp62r,not civic,,not civic,unclear,not civic,unclear,not civic,
274,https://bsky.app/profile/mayawest.online/post/3knu2ati2zk2c,not civic,,not civic,unclear,not civic,unclear,civic,left-leaning
275,https://bsky.app/profile/secretaboutbox.bsky.social/post/3knu22hsenq2d,civic,left-leaning,not civic,unclear,not civic,unclear,civic,left-leaning
276,https://bsky.app/profile/amalelmohtar.com/post/3kntqlaet2j2a,not civic,,not civic,unclear,not civic,unclear,not civic,
277,https://bsky.app/profile/chucktingle.bsky.social/post/3kntf2owugs2q,not civic,,civic,right-leaning,civic,left-leaning,not civic,
278,https://bsky.app/profile/jeffgerstmann.com/post/3knu6hlng7c2r,not civic,,not civic,unclear,not civic,unclear,not civic,
279,https://bsky.app/profile/juniorhoncho.bsky.social/post/3knsu5ok6v22q,not civic,,not civic,unclear,not civic,unclear,not civic,
280,https://bsky.app/profile/nameshiv.bsky.social/post/3knsvay72kk22,not civic,,not civic,unclear,not civic,unclear,not civic,
281,https://bsky.app/profile/kimhu.bsky.social/post/3knt2i6t4km2c,not civic,,not civic,unclear,not civic,unclear,not civic,
282,https://bsky.app/profile/rincewind.run/post/3kns5cpzyyd2r,not civic,,not civic,unclear,not civic,unclear,not civic,
283,https://bsky.app/profile/rusty.todayintabs.com/post/3kntvqmqxhu2p,civic,left-leaning,civic,right-leaning,civic,left-leaning,civic,left-leaning
284,https://bsky.app/profile/theciscokidder.bsky.social/post/3knt7ieeafx2t,not civic,,civic,left-leaning,civic,left-leaning,not civic,
285,https://bsky.app/profile/womensart1.bsky.social/post/3knslk23gk52w,not civic,,civic,left-leaning,civic,left-leaning,not civic,
286,https://bsky.app/profile/paulgcornish.bsky.social/post/3knsux5iyet2h,not civic,,not civic,unclear,not civic,unclear,not civic,
287,https://bsky.app/profile/profmusgrave.bsky.social/post/3knudi2la4u2r,not civic,,not civic,unclear,not civic,unclear,not civic,
288,https://bsky.app/profile/cait.bsky.social/post/3knu3yxy66u24,not civic,,not civic,unclear,civic,unclear,not civic,
289,https://bsky.app/profile/clairewillett.bsky.social/post/3knttyg5wp32i,civic,left-leaning,not civic,unclear,not civic,unclear,civic,left-leaning
290,https://bsky.app/profile/wolvendamien.bsky.social/post/3knthj24stk22,civic,left-leaning,not civic,unclear,not civic,unclear,civic,left-leaning
291,https://bsky.app/profile/karlbode.bsky.social/post/3knszi55xch2c,civic,left-leaning,civic,left-leaning,civic,left-leaning,civic,left-leaning
292,https://bsky.app/profile/scumbelievable.bsky.social/post/3kntc7sey6p25,not civic,,not civic,unclear,not civic,unclear,not civic,
293,https://bsky.app/profile/iboudreau.bsky.social/post/3kntbb7itdh2l,not civic,,civic,left-leaning,civic,left-leaning,not civic,
294,https://bsky.app/profile/catbus.bsky.social/post/3kns3uoaf3i2i,not civic,,civic,left-leaning,civic,left-leaning,not civic,
295,https://bsky.app/profile/trans.bsky.social/post/3kns5og44wd23,not civic,,not civic,unclear,not civic,unclear,not civic,
296,https://bsky.app/profile/amyhoy.bsky.social/post/3knt5dgqdr42k,not civic,,civic,unclear,not civic,unclear,not civic,
297,https://bsky.app/profile/ruemcclammyhand.bsky.social/post/3kntufjhlwo2i,civic,left-leaning,not civic,unclear,not civic,unclear,civic,left-leaning
298,https://bsky.app/profile/brendelbored.bsky.social/post/3knu6bmjbft2h,not civic,,civic,left-leaning,civic,left-leaning,not civic,
299,https://bsky.app/profile/profmusgrave.bsky.social/post/3kntqadjt5j2q,civic,left-leaning,not civic,unclear,not civic,unclear,civic,left-leaning
300,https://bsky.app/profile/brianklaas.bsky.social/post/3kntizxxzis23,civic,left-leaning,not civic,unclear,not civic,unclear,civic,left-leaning
301,https://bsky.app/profile/premeemohamed.com/post/3kntoprggtl2u,not civic,,not civic,unclear,civic,left-leaning,not civic,
302,https://bsky.app/profile/npr.org/post/3kntix5jcnv2n,not civic,,civic,left-leaning,civic,left-leaning,not civic,
303,https://bsky.app/profile/joshgondelman.bsky.social/post/3kntk7ajpdm2k,not civic,,not civic,unclear,civic,left-leaning,not civic,
304,https://bsky.app/profile/propcazhpm.bsky.social/post/3knsia7ym2o2v,not civic,,not civic,unclear,not civic,unclear,civic,left-leaning
305,https://bsky.app/profile/kenwhite.bsky.social/post/3kntdez6eas2o,not civic,,not civic,unclear,not civic,unclear,not civic,
306,https://bsky.app/profile/charliejane.bsky.social/post/3kntojyhnhs2u,not civic,,civic,right-leaning,civic,left-leaning,not civic,
307,https://bsky.app/profile/femin.ized.gay/post/3knucom2dxc2x,not civic,,not civic,unclear,not civic,unclear,civic,left-leaning
308,https://bsky.app/profile/atherton.bsky.social/post/3knttpz7an22q,civic,left-leaning,not civic,unclear,civic,left-leaning,civic,left-leaning
309,https://bsky.app/profile/shoegaze-dad.bsky.social/post/3kns5agfxfk2o,not civic,,not civic,unclear,not civic,unclear,not civic,
310,https://bsky.app/profile/danglinghemmie.bsky.social/post/3knsyfunqws2r,not civic,,not civic,unclear,civic,left-leaning,not civic,
311,https://bsky.app/profile/uncleduke1969.bsky.social/post/3knta6xhclu26,not civic,,civic,left-leaning,not civic,unclear,not civic,
312,https://bsky.app/profile/gonebabygone.bsky.social/post/3knttvqsy3e2a,not civic,,not civic,unclear,not civic,unclear,civic,left-leaning
313,https://bsky.app/profile/wolfyama.bsky.social/post/3kntqgzunkk2s,not civic,,not civic,unclear,not civic,unclear,not civic,
314,https://bsky.app/profile/marshwort.bsky.social/post/3kns2pzdkcl26,not civic,,not civic,unclear,not civic,unclear,civic,left-leaning
315,https://bsky.app/profile/xoxogossipgita.bsky.social/post/3knrz5izukv2n,not civic,,civic,left-leaning,civic,left-leaning,not civic,
316,https://bsky.app/profile/lookitup.baby/post/3knrzbrrqun24,not civic,,not civic,unclear,not civic,unclear,civic,left-leaning
317,https://bsky.app/profile/jbouie.bsky.social/post/3knsy3i6gwk2z,not civic,,civic,left-leaning,civic,left-leaning,not civic,
318,https://bsky.app/profile/premeemohamed.com/post/3kntoz735kk2i,not civic,,civic,left-leaning,civic,left-leaning,not civic,
319,https://bsky.app/profile/blueheronfarm.bsky.social/post/3knss2beug22x,not civic,,civic,left-leaning,civic,left-leaning,not civic,
320,https://bsky.app/profile/lubchansky.bsky.social/post/3kntwr2iba32j,not civic,,not civic,unclear,not civic,unclear,not civic,
321,https://bsky.app/profile/jbouie.bsky.social/post/3knt276ygec2j,not civic,,civic,left-leaning,civic,left-leaning,not civic,
322,https://bsky.app/profile/swin24.bsky.social/post/3knt3fuzlf42k,not civic,,not civic,unclear,not civic,unclear,not civic,
323,https://bsky.app/profile/comicsinthega.bsky.social/post/3knttnzaw7t2a,civic,left-leaning,civic,left-leaning,civic,left-leaning,civic,left-leaning
324,https://bsky.app/profile/rosalarian.bsky.social/post/3kntim6ude22q,not civic,,civic,left-leaning,civic,left-leaning,not civic,
325,https://bsky.app/profile/clairewillett.bsky.social/post/3kntgluq5y22a,not civic,,civic,left-leaning,civic,left-leaning,civic,left-leaning
326,https://bsky.app/profile/xoxogossipgita.bsky.social/post/3kntfitdalc22,not civic,,civic,left-leaning,civic,left-leaning,not civic,
327,https://bsky.app/profile/chantalalive.bsky.social/post/3kntip4zk7d2e,civic,left-leaning,civic,left-leaning,civic,right-leaning,civic,left-leaning
328,https://bsky.app/profile/clairewillett.bsky.social/post/3knsabmagcd22,not civic,,civic,left-leaning,not civic,unclear,not civic,
329,https://bsky.app/profile/jefftiedrich.bsky.social/post/3kntg222wlk2g,civic,left-leaning,civic,left-leaning,civic,left-leaning,civic,left-leaning
330,https://bsky.app/profile/mmasnick.bsky.social/post/3knty3h2qye2w,civic,left-leaning,civic,left-leaning,civic,left-leaning,civic,left-leaning
331,https://bsky.app/profile/unstablemongoose.bsky.social/post/3kngniii2gi2r,civic,left-leaning,civic,left-leaning,civic,left-leaning,civic,left-leaning
332,https://bsky.app/profile/ruemcclammyhand.bsky.social/post/3kntuinenm323,civic,left-leaning,civic,left-leaning,civic,left-leaning,civic,left-leaning
