uri,created_at,link,Link,Text,Retweets,Likes,Comments,Civic,Feed,Timestamp,author_handle,is_frequent_poster,did,text,prob_toxic,label_toxic,prob_affinity,label_affinity,prob_compassion,label_compassion,prob_constructive,label_constructive,prob_curiosity,label_curiosity,prob_nuance,label_nuance,prob_personal_story,label_personal_story,prob_alienation,label_alienation,prob_fearmongering,label_fearmongering,prob_generalization,label_generalization,prob_moral_outrage,label_moral_outrage,prob_scapegoating,label_scapegoating
at://did:plc:72bt6fsr5hgnesjtbpuc4av2/app.bsky.feed.post/3koeics756t22,2024-03-23T13:03:36.300Z,https://bsky.app/profile/electricalwsop.bsky.social/post/3koeics756t22,https://bsky.app/profile/electricalwsop.bsky.social/post/3koeics756t22,You mean the Jackedalope?,3,36,1,False,,,electricalwsop.bsky.social,False,at://did:plc:72bt6fsr5hgnesjtbpuc4av2/app.bsky.feed.post/3koeics756t22,You mean the Jackedalope?,0.05725329,0,0.07813416,0,0.06947151,0,0.07918409,0,0.56942,1,0.12761015,0,0.095864415,0,0.36983415,0,0.30296245,0,0.14727299,0,0.19860488,0,0.2045616,0
at://did:plc:b5reaargx5dufevvpwiw3uwz/app.bsky.feed.post/3koehxqag4a25,2024-03-23T12:57:24.800Z,https://bsky.app/profile/doedryadart.bsky.social/post/3koehxqag4a25,https://bsky.app/profile/doedryadart.bsky.social/post/3koehxqag4a25,Questionable elixir salesman. An old watercolor/ink character design,10,24,1,False,,,doedryadart.bsky.social,False,at://did:plc:b5reaargx5dufevvpwiw3uwz/app.bsky.feed.post/3koehxqag4a25,Questionable elixir salesman. An old watercolor/ink character design,0.07291982,0,0.08897218,0,0.06067711,0,0.20502599,0,0.120612115,0,0.2384713,0,0.2453918,0,0.31960478,0,0.15457156,0,0.11841835,0,0.22105931,0,0.1422529,0
at://did:plc:f5lxswkf3gcjwaamrija5t6i/app.bsky.feed.post/3koehx23wa22r,2024-03-23T12:57:02.774Z,https://bsky.app/profile/thatdoll.online/post/3koehx23wa22r,https://bsky.app/profile/thatdoll.online/post/3koehx23wa22r,..who's it gonna be üëÄ,2,13,1,False,,,thatdoll.online,False,at://did:plc:f5lxswkf3gcjwaamrija5t6i/app.bsky.feed.post/3koehx23wa22r,..who's it gonna be üëÄ,0.024849601,0,0.13676605,0,0.14891115,0,0.07918409,0,0.39216214,0,0.0834797,0,0.10767364,0,0.25799766,0,0.38023162,0,0.17437504,0,0.24593034,0,0.23630688,0
at://did:plc:n3kx3cx5cwofnfcs6vu7cg5s/app.bsky.feed.post/3koehs5afa32g,2024-03-23T12:54:17.465Z,https://bsky.app/profile/badboy.wifeguy.online/post/3koehs5afa32g,https://bsky.app/profile/badboy.wifeguy.online/post/3koehs5afa32g,brainstorming how im gonna make my eventual pivot to right wing grifter,0,16,4,True,,,badboy.wifeguy.online,False,at://did:plc:n3kx3cx5cwofnfcs6vu7cg5s/app.bsky.feed.post/3koehs5afa32g,brainstorming how im gonna make my eventual pivot to right wing grifter,0.29039988,0,0.3836033,0,0.058133416,0,0.07918409,0,0.07157431,0,0.0834797,0,0.46453658,0,0.67403203,1,0.23163046,0,0.34686077,0,0.38834086,0,0.25579134,0
at://did:plc:6sdn2o7q6tpzfwkcqdinx5sw/app.bsky.feed.post/3koehoj7lns25,2024-03-23T12:52:15.923Z,https://bsky.app/profile/thetattooedprof.bsky.social/post/3koehoj7lns25,https://bsky.app/profile/thetattooedprof.bsky.social/post/3koehoj7lns25,"Anyway, should probably not read op-eds about higher education before I've had coffee.",1,17,5,False,,,thetattooedprof.bsky.social,False,at://did:plc:6sdn2o7q6tpzfwkcqdinx5sw/app.bsky.feed.post/3koehoj7lns25,"Anyway, should probably not read op-eds about higher education before I've had coffee.",0.01847211,0,0.16568017,0,0.08360307,0,0.12649381,0,0.084609546,0,0.08439999,0,0.3235492,0,0.38123474,0,0.17677198,0,0.34861264,0,0.252337,0,0.22992302,0
at://did:plc:e6666w43nycctqshj27fl56a/app.bsky.feed.post/3koehmcn56v25,2024-03-23T12:51:01.732Z,https://bsky.app/profile/clueless.bsky.social/post/3koehmcn56v25,https://bsky.app/profile/clueless.bsky.social/post/3koehmcn56v25,"happy saturday morning, i‚Äôve been watching a swing-dancing mormon couple on instagram reels for
like 45 straight minutes‚Ä¶‚Ä¶. its like anthropological study",0,12,1,False,,,clueless.bsky.social,False,at://did:plc:e6666w43nycctqshj27fl56a/app.bsky.feed.post/3koehmcn56v25,"happy saturday morning, i‚Äôve been watching a swing-dancing mormon couple on instagram reels for
like 45 straight minutes‚Ä¶‚Ä¶. its like anthropological study",0.112746716,0,0.18036744,0,0.08756644,0,0.12838791,0,0.074962124,0,0.10903197,0,0.55287766,1,0.30697224,0,0.05413054,0,0.11569369,0,0.16321267,0,0.11361808,0
at://did:plc:hi65gqpx4lylb6wcyuhhmtla/app.bsky.feed.post/3koehln5zwp2c,2024-03-23T12:50:40.252Z,https://bsky.app/profile/voiceofkosh.bsky.social/post/3koehln5zwp2c,https://bsky.app/profile/voiceofkosh.bsky.social/post/3koehln5zwp2c,"I took some better photos of my Death Guard Daemon Prince. He's very old now (back before
I put things on bases apparently üòÑ) but I still love him. His name is Farty McFly.",1,16,2,False,,,voiceofkosh.bsky.social,False,at://did:plc:hi65gqpx4lylb6wcyuhhmtla/app.bsky.feed.post/3koehln5zwp2c,"I took some better photos of my Death Guard Daemon Prince. He's very old now (back before
I put things on bases apparently üòÑ) but I still love him. His name is Farty McFly.",0.09438288,0,0.23767464,0,0.08262517,0,0.38181353,0,0.11440699,0,0.33932132,0,0.64088595,1,0.14445479,0,0.021435212,0,0.030566828,0,0.059352368,0,0.0092427125,0
at://did:plc:w74gp6ztugdn7f6r57cs6wzo/app.bsky.feed.post/3koehjm4anu2b,2024-03-23T12:49:30.928Z,https://bsky.app/profile/emilyatlast.bsky.social/post/3koehjm4anu2b,https://bsky.app/profile/emilyatlast.bsky.social/post/3koehjm4anu2b,"‚ÄúThe right doesn‚Äôt have any good songs‚Äù. Or art, or comedy, or books‚Ä¶",1,13,0,True,,,emilyatlast.bsky.social,False,at://did:plc:w74gp6ztugdn7f6r57cs6wzo/app.bsky.feed.post/3koehjm4anu2b,"‚ÄúThe right doesn‚Äôt have any good songs‚Äù. Or art, or comedy, or books‚Ä¶",0.13041082,0,0.08714753,0,0.0350017,0,0.087319076,0,0.09854957,0,0.09097979,0,0.07419816,0,0.6642404,1,0.106330596,0,0.78473717,1,0.5031922,1,0.42788437,0
at://did:plc:lzv6fvlgujwevub44fjgrr23/app.bsky.feed.post/3koehjjxx5t2e,2024-03-23T12:49:28.553Z,https://bsky.app/profile/alexwild.bsky.social/post/3koehjjxx5t2e,https://bsky.app/profile/alexwild.bsky.social/post/3koehjjxx5t2e,Just because the Ku Klux Klan now goes by fancier names like ‚ÄúChris Rufo‚Äù doesn‚Äôt mean it isn‚Äôt still the Klan.,4,16,0,True,,,alexwild.bsky.social,False,at://did:plc:lzv6fvlgujwevub44fjgrr23/app.bsky.feed.post/3koehjjxx5t2e,Just because the Ku Klux Klan now goes by fancier names like ‚ÄúChris Rufo‚Äù doesn‚Äôt mean it isn‚Äôt still the Klan.,0.16158698,0,0.01723619,0,0.045287177,0,0.34232143,0,0.09951106,0,0.28765815,0,0.10591495,0,0.61367536,1,0.10259992,0,0.57613695,1,0.36323997,0,0.24533865,0
at://did:plc:66lbtw2porscqpmair6mir37/app.bsky.feed.post/3koehjgtk7o22,2024-03-23T12:49:24.426Z,https://bsky.app/profile/ketanjoshi.co/post/3koehjgtk7o22,https://bsky.app/profile/ketanjoshi.co/post/3koehjgtk7o22,"""These stories are increasingly pessimistic: the comet hits, the zombies reign, the planet burns. There is simply no end of ends""",2,17,2,False,,,ketanjoshi.co,False,at://did:plc:66lbtw2porscqpmair6mir37/app.bsky.feed.post/3koehjgtk7o22,"""These stories are increasingly pessimistic: the comet hits, the zombies reign, the planet burns. There is simply no end of ends""",0.112643376,0,0.1011181,0,0.09889726,0,0.12743886,0,0.09568947,0,0.10283129,0,0.05389532,0,0.43452495,0,0.7182341,1,0.5188714,1,0.3273286,0,0.3784637,0
at://did:plc:7kbrpoxrxa6cgegxrhdgihhp/app.bsky.feed.post/3koehjareed22,2024-03-23T12:49:18.458Z,https://bsky.app/profile/blueheronfarm.bsky.social/post/3koehjareed22,https://bsky.app/profile/blueheronfarm.bsky.social/post/3koehjareed22,Today in the garden I have my first zucchini bloom and evidence of future cactus flowers. üå±,2,82,4,False,,,blueheronfarm.bsky.social,True,at://did:plc:7kbrpoxrxa6cgegxrhdgihhp/app.bsky.feed.post/3koehjareed22,Today in the garden I have my first zucchini bloom and evidence of future cactus flowers. üå±,0.013822667,0,0.24714777,0,0.095743746,0,0.35408178,0,0.05408074,0,0.18780111,0,0.5663938,1,0.05613854,0,0.106330596,0,0.1089878,0,0.0548658,0,0.060975682,0
at://did:plc:so4so6nb4tmzk2qsitl3o2cx/app.bsky.feed.post/3koehh6sx742n,2024-03-23T12:48:09.993Z,https://bsky.app/profile/dfm42.bsky.social/post/3koehh6sx742n,https://bsky.app/profile/dfm42.bsky.social/post/3koehh6sx742n,You only get a train selfie this time üöÑ,0,22,0,False,,,dfm42.bsky.social,False,at://did:plc:so4so6nb4tmzk2qsitl3o2cx/app.bsky.feed.post/3koehh6sx742n,You only get a train selfie this time üöÑ,0.034748793,0,0.09634415,0,0.18607083,0,0.16161843,0,0.109343514,0,0.103851885,0,0.31620008,0,0.15587102,0,0.2656334,0,0.11299363,0,0.13247147,0,0.13188316,0
at://did:plc:eclsovkvxr7cl2av27eksa4m/app.bsky.feed.post/3koehg2y5xo2z,2024-03-23T12:47:32.362Z,https://bsky.app/profile/annijyn.bsky.social/post/3koehg2y5xo2z,https://bsky.app/profile/annijyn.bsky.social/post/3koehg2y5xo2z,i just aw‚Äôd out loud at these stupid pastry leaves,0,21,1,False,,,annijyn.bsky.social,False,at://did:plc:eclsovkvxr7cl2av27eksa4m/app.bsky.feed.post/3koehg2y5xo2z,i just aw‚Äôd out loud at these stupid pastry leaves,0.5721988,1,0.24952528,0,0.09059314,0,0.08505413,0,0.0658001,0,0.09002491,0,0.39773494,0,0.4905021,0,0.17901231,0,0.18985781,0,0.38230544,0,0.20661998,0
at://did:plc:gt3ch2hzuhgawokj6lquoh2m/app.bsky.feed.post/3koehfkywju2y,2024-03-23T12:47:15.692574+00:00,https://bsky.app/profile/mobydickatsea.bsky.social/post/3koehfkywju2y,https://bsky.app/profile/mobydickatsea.bsky.social/post/3koehfkywju2y,"we are all somehow dreadfully cracked about the head, and sadly need mending.",28,41,2,False,,,mobydickatsea.bsky.social,False,at://did:plc:gt3ch2hzuhgawokj6lquoh2m/app.bsky.feed.post/3koehfkywju2y,"we are all somehow dreadfully cracked about the head, and sadly need mending.",0.20195828,0,0.41019276,0,0.25149468,0,0.09753984,0,0.06743011,0,0.07717534,0,0.17845505,0,0.55034983,1,0.31720668,0,0.5827711,1,0.35619268,0,0.22738464,0
at://did:plc:vuykhoofwi3fypfdci3zpwql/app.bsky.feed.post/3koehe4gwtb2i,2024-03-23T12:46:26.480Z,https://bsky.app/profile/vviderlich.bsky.social/post/3koehe4gwtb2i,https://bsky.app/profile/vviderlich.bsky.social/post/3koehe4gwtb2i,"seit ca 2021 lebt ein tweet von nilu mietfrei in meinem kopf und zwar sowas wie ‚Äûtweets f√ºr leute
wo die strumpfhose so bissi stauben tut beim anziehen‚Äú",0,21,2,False,,,vviderlich.bsky.social,False,at://did:plc:vuykhoofwi3fypfdci3zpwql/app.bsky.feed.post/3koehe4gwtb2i,"seit ca 2021 lebt ein tweet von nilu mietfrei in meinem kopf und zwar sowas wie ‚Äûtweets f√ºr leute
wo die strumpfhose so bissi stauben tut beim anziehen‚Äú",0.13041082,0,0.17790961,0,0.17844121,0,0.1997879,0,0.09951106,0,0.17798842,0,0.4158437,0,0.2311306,0,0.18576612,0,0.24442972,0,0.17857973,0,0.13018231,0
at://did:plc:474ldquxwzrlcvjhhbbk2wte/app.bsky.feed.post/3koehdsn2v724,2024-03-23T12:46:16.590Z,https://bsky.app/profile/josie.zone/post/3koehdsn2v724,https://bsky.app/profile/josie.zone/post/3koehdsn2v724,"This is the beginning, but the rest of it would get me in content-warning trouble lol",0,17,1,False,,,josie.zone,False,at://did:plc:474ldquxwzrlcvjhhbbk2wte/app.bsky.feed.post/3koehdsn2v724,"This is the beginning, but the rest of it would get me in content-warning trouble lol",0.13214645,0,0.16568017,0,0.093667574,0,0.18172787,0,0.090076774,0,0.12199044,0,0.30433813,0,0.13881847,0,0.2762252,0,0.09225705,0,0.14661552,0,0.13876477,0
at://did:plc:qf7yihrc5tp2kdkfv6xfleq2/app.bsky.feed.post/3koeh5677o42o,2024-03-23T12:42:33.842Z,https://bsky.app/profile/ihatenfts.whitecanof.monster/post/3koeh5677o42o,https://bsky.app/profile/ihatenfts.whitecanof.monster/post/3koeh5677o42o,awake but at what cost,5,15,0,False,,,ihatenfts.whitecanof.monster,False,at://did:plc:qf7yihrc5tp2kdkfv6xfleq2/app.bsky.feed.post/3koeh5677o42o,awake but at what cost,0.02638162,0,0.2638654,0,0.31219605,0,0.1016479,0,0.41591358,0,0.10903197,0,0.2867571,0,0.32917807,0,0.45575067,0,0.21203743,0,0.30740595,0,0.26372364,0
at://did:plc:5a3m5zh6tx4ryhku24rzukkc/app.bsky.feed.post/3koeh53hyoo2v,2024-03-23T12:42:28.991Z,https://bsky.app/profile/karlhungus.bsky.social/post/3koeh53hyoo2v,https://bsky.app/profile/karlhungus.bsky.social/post/3koeh53hyoo2v,"It's simply not possible to live responsibly enough that it forecloses this possibility. 
There's no way you can put aside enough money to pay for intensive care at $20k+ a day.
That's why it was always a bullshit argument when the GOP yelled about ""personal responsibility.""",0,5,1,True,,,karlhungus.bsky.social,False,at://did:plc:5a3m5zh6tx4ryhku24rzukkc/app.bsky.feed.post/3koeh53hyoo2v,"It's simply not possible to live responsibly enough that it forecloses this possibility. 
There's no way you can put aside enough money to pay for intensive care at $20k+ a day.
That's why it was always a bullshit argument when the GOP yelled about ""personal responsibility.""",0.4977744,0,0.17790961,0,0.44081154,0,0.4905343,0,0.1762937,0,0.39191514,0,0.10767364,0,0.6540324,1,0.34079704,0,0.79093623,1,0.5785937,1,0.61001545,1
at://did:plc:r7s47dgnul2q2tn2ya3re6ty/app.bsky.feed.post/3koegyucxbf2b,2024-03-23T12:40:09.096Z,https://bsky.app/profile/asterisk.gay/post/3koegyucxbf2b,https://bsky.app/profile/asterisk.gay/post/3koegyucxbf2b,"shoutouts to @kirakirakira.bsky.social for filling a room with gorgeous queers for her tranniversary
and having everyone get vulnerable and real in the best way what a good tradition you have",0,15,2,False,,,asterisk.gay,False,at://did:plc:r7s47dgnul2q2tn2ya3re6ty/app.bsky.feed.post/3koegyucxbf2b,"shoutouts to @kirakirakira.bsky.social for filling a room with gorgeous queers for her tranniversary
and having everyone get vulnerable and real in the best way what a good tradition you have",0.165053,0,0.5726517,1,0.7369995,1,0.4905343,0,0.25069022,0,0.2566848,0,0.43704152,0,0.15299816,0,0.17007428,0,0.31370643,0,0.1239194,0,0.13018231,0
at://did:plc:bdb7ojzgqnht3dtuyz2cno63/app.bsky.feed.post/3koegwdirhd2i,2024-03-23T12:38:43.944Z,https://bsky.app/profile/freyjavalentine.bsky.social/post/3koegwdirhd2i,https://bsky.app/profile/freyjavalentine.bsky.social/post/3koegwdirhd2i,"""Artists should not use references"" okay well if you write you should stop reading. Period. Log off",4,21,3,False,,,freyjavalentine.bsky.social,False,at://did:plc:bdb7ojzgqnht3dtuyz2cno63/app.bsky.feed.post/3koegwdirhd2i,"""Artists should not use references"" okay well if you write you should stop reading. Period. Log off",0.19219314,0,0.09634415,0,0.088569954,0,0.11016245,0,0.044632856,0,0.07026008,0,0.048411634,0,0.76478714,1,0.09714387,0,0.39849445,0,0.51836544,1,0.24404159,0
at://did:plc:6b2es33qsb5lhedkgdbptjmu/app.bsky.feed.post/3koegvgpi4t2r,2024-03-23T12:38:13.966Z,https://bsky.app/profile/fyrescotch.bsky.social/post/3koegvgpi4t2r,https://bsky.app/profile/fyrescotch.bsky.social/post/3koegvgpi4t2r,It should be illegal to have pharma ads but doubly so for them to have a fucking jingle,2,15,1,True,,,fyrescotch.bsky.social,False,at://did:plc:6b2es33qsb5lhedkgdbptjmu/app.bsky.feed.post/3koegvgpi4t2r,It should be illegal to have pharma ads but doubly so for them to have a fucking jingle,0.75208336,1,0.07105747,0,0.1324148,0,0.099992886,0,0.051843114,0,0.06691635,0,0.059575163,0,0.56797296,1,0.2762252,0,0.41832694,0,0.7570864,1,0.40808806,0
at://did:plc:idnalufyzxvckvijsqb4qlp6/app.bsky.feed.post/3koegrwvb2h2g,2024-03-23T12:36:17.063Z,https://bsky.app/profile/sarahweinman.bsky.social/post/3koegrwvb2h2g,https://bsky.app/profile/sarahweinman.bsky.social/post/3koegrwvb2h2g,Wrote about Kate Middleton and cancer and wanting to protect your privacy when you are about to go through it.,1,13,0,False,,,sarahweinman.bsky.social,False,at://did:plc:idnalufyzxvckvijsqb4qlp6/app.bsky.feed.post/3koegrwvb2h2g,Wrote about Kate Middleton and cancer and wanting to protect your privacy when you are about to go through it.,0.04216247,0,0.5654446,1,0.76917386,1,0.4057054,0,0.33728355,0,0.20442122,0,0.52674425,1,0.1121108,0,0.34379998,0,0.05963282,0,0.08527362,0,0.039868217,0
at://did:plc:f4ard5htfxbxnysqqqrrqeyp/app.bsky.feed.post/3koegqjbi7f25,2024-03-23T12:35:29.170Z,https://bsky.app/profile/aedison.bsky.social/post/3koegqjbi7f25,https://bsky.app/profile/aedison.bsky.social/post/3koegqjbi7f25,You know the phenomenon where if you play a bunch of Tetris you start seeing tetrominos as you fall asleep? That‚Äôs happening to me with Balatro.,0,22,2,False,,,aedison.bsky.social,False,at://did:plc:f4ard5htfxbxnysqqqrrqeyp/app.bsky.feed.post/3koegqjbi7f25,You know the phenomenon where if you play a bunch of Tetris you start seeing tetrominos as you fall asleep? That‚Äôs happening to me with Balatro.,0.045625936,0,0.19487326,0,0.123228945,0,0.2700028,0,0.4936761,0,0.20107053,0,0.47462413,0,0.13115455,0,0.09354177,0,0.11979624,0,0.07988397,0,0.09395382,0
at://did:plc:jaqvxlj62njdschhsxczfpe4/app.bsky.feed.post/3koegphcfzs2l,2024-03-23T12:34:53.589Z,https://bsky.app/profile/manningkrull.bsky.social/post/3koegphcfzs2l,https://bsky.app/profile/manningkrull.bsky.social/post/3koegphcfzs2l,"I like this wall. This has been today's wall of the day, thanks for joining us.",0,14,2,False,,,manningkrull.bsky.social,False,at://did:plc:jaqvxlj62njdschhsxczfpe4/app.bsky.feed.post/3koegphcfzs2l,"I like this wall. This has been today's wall of the day, thanks for joining us.",0.030506283,0,0.5270495,1,0.31831792,0,0.21294741,0,0.25859782,0,0.09002491,0,0.3322735,0,0.09807436,0,0.21127523,0,0.089773275,0,0.0729817,0,0.07494937,0
at://did:plc:6sdn2o7q6tpzfwkcqdinx5sw/app.bsky.feed.post/3koegnss2ke2h,2024-03-23T12:33:58.753Z,https://bsky.app/profile/thetattooedprof.bsky.social/post/3koegnss2ke2h,https://bsky.app/profile/thetattooedprof.bsky.social/post/3koegnss2ke2h,"The two key phrases in this essay are ""When I was a graduate assistant at Harvard..."" and
""When I attended the University of Chicago as an undergraduate..."" If these ginned-up
grievances are where you want to put your energy, while fascists are busy dismantling
higher ed, maybe you should just...not",10,68,6,True,,,thetattooedprof.bsky.social,False,at://did:plc:6sdn2o7q6tpzfwkcqdinx5sw/app.bsky.feed.post/3koegnss2ke2h,"The two key phrases in this essay are ""When I was a graduate assistant at Harvard..."" and
""When I attended the University of Chicago as an undergraduate..."" If these ginned-up
grievances are where you want to put your energy, while fascists are busy dismantling
higher ed, maybe you should just...not",0.1996317,0,0.3130916,0,0.3306766,0,0.2922344,0,0.30077735,0,0.32450983,0,0.44966263,0,0.82182646,1,0.2551007,0,0.6145484,1,0.6691968,1,0.37716222,0
at://did:plc:v4kpg55totpnmg3qm4auu7nw/app.bsky.feed.post/3koegevdyjc2z,2024-03-23T12:32:44.257Z,https://bsky.app/profile/jonathancoe.bsky.social/post/3koegevdyjc2z,https://bsky.app/profile/jonathancoe.bsky.social/post/3koegevdyjc2z,"Can't wait to read this. Wilder's relationship with Brackett was as fascinating as his relationship with
 IAL Diamond - perhaps even more so. I can feel another novel coming on ...",3,14,2,False,,,jonathancoe.bsky.social,False,at://did:plc:v4kpg55totpnmg3qm4auu7nw/app.bsky.feed.post/3koegevdyjc2z,"Can't wait to read this. Wilder's relationship with Brackett was as fascinating as his relationship with
 IAL Diamond - perhaps even more so. I can feel another novel coming on ...",0.018974753,0,0.53531736,1,0.16842249,0,0.48288077,0,0.24675351,0,0.214554,0,0.44798717,0,0.06782429,0,0.09533966,0,0.07075598,0,0.033578344,0,0.0037562854,0
at://did:plc:ejgqchxkaixeq3gxarvlrfwo/app.bsky.feed.post/3koegjkgsln2o,2024-03-23T12:31:35.576Z,https://bsky.app/profile/sixfeetofcandy.bsky.social/post/3koegjkgsln2o,https://bsky.app/profile/sixfeetofcandy.bsky.social/post/3koegjkgsln2o,I don‚Äôt want to be a responsible adult I want to play hide and seek in a carwash,7,18,1,False,,,sixfeetofcandy.bsky.social,False,at://did:plc:ejgqchxkaixeq3gxarvlrfwo/app.bsky.feed.post/3koegjkgsln2o,I don‚Äôt want to be a responsible adult I want to play hide and seek in a carwash,0.32182294,0,0.24952528,0,0.13941906,0,0.1016479,0,0.07841389,0,0.09681413,0,0.5115195,1,0.24468967,0,0.29222414,0,0.25263512,0,0.30740595,0,0.19243658,0
at://did:plc:555c53zqgqs55yh6gvttf5uv/app.bsky.feed.post/3koeghsn7wh2e,2024-03-23T12:30:37.036Z,https://bsky.app/profile/banditelli.org/post/3koeghsn7wh2e,https://bsky.app/profile/banditelli.org/post/3koeghsn7wh2e,It's true. Morro Bay has harbor otters AND a gray whale right now. ü¶ë,1,18,1,False,,,banditelli.org,False,at://did:plc:555c53zqgqs55yh6gvttf5uv/app.bsky.feed.post/3koeghsn7wh2e,It's true. Morro Bay has harbor otters AND a gray whale right now. ü¶ë,0.023671126,0,0.27108505,0,0.1324148,0,0.53881013,1,0.16865413,0,0.39918593,0,0.59050286,1,0.07963396,0,0.049266744,0,0.117053024,0,0.05783842,0,0.08157792,0
at://did:plc:gthl7kdyryv5lylos55da747/app.bsky.feed.post/3koeghsnjoy2b,2024-03-23T12:30:37.011Z,https://bsky.app/profile/bcdreyer.bsky.social/post/3koeghsnjoy2b,https://bsky.app/profile/bcdreyer.bsky.social/post/3koeghsnjoy2b,"Today is Joan Crawford's birthday. Don't sleep on the later films, which may not be particularly
distinguished but that relentlessly display her commitment. One marvels, or at least I marvel.",2,25,2,False,,,bcdreyer.bsky.social,False,at://did:plc:gthl7kdyryv5lylos55da747/app.bsky.feed.post/3koeghsnjoy2b,"Today is Joan Crawford's birthday. Don't sleep on the later films, which may not be particularly
distinguished but that relentlessly display her commitment. One marvels, or at least I marvel.",0.024849601,0,0.38804337,0,0.3526706,0,0.6057378,1,0.10536304,0,0.38287976,0,0.31354934,0,0.11918196,0,0.2136162,0,0.19613408,0,0.10047897,0,0.092549875,0
at://did:plc:5fwxaoha4lvtoseohazxr5uh/app.bsky.feed.post/3koegh5kl3u2a,2024-03-23T12:30:14.883Z,https://bsky.app/profile/naptime.theolive.garden/post/3koegh5kl3u2a,https://bsky.app/profile/naptime.theolive.garden/post/3koegh5kl3u2a,gm bskies. what‚Äôs bringing you joy this weekend?,0,48,5,False,,,naptime.theolive.garden,False,at://did:plc:5fwxaoha4lvtoseohazxr5uh/app.bsky.feed.post/3koegh5kl3u2a,gm bskies. what‚Äôs bringing you joy this weekend?,0.04216247,0,0.28066093,0,0.34476215,0,0.10331885,0,0.5423291,1,0.09097979,0,0.22312969,0,0.16748181,0,0.33192167,0,0.14727299,0,0.12561196,0,0.1422529,0
at://did:plc:ln2e3x7mqa7r2ygorbmjlymt/app.bsky.feed.post/3koegdnndgd2e,2024-03-23T12:28:17.481Z,https://bsky.app/profile/lizwfab.bsky.social/post/3koegdnndgd2e,https://bsky.app/profile/lizwfab.bsky.social/post/3koegdnndgd2e,"The saddest sound in the world is not a fat orange cat crying at 7:30AM. It‚Äôs the sound of a fat orange cat
passive aggressively eating kibbles after I refused to get up and give her wet food.",0,26,2,False,,,lizwfab.bsky.social,False,at://did:plc:ln2e3x7mqa7r2ygorbmjlymt/app.bsky.feed.post/3koegdnndgd2e,"The saddest sound in the world is not a fat orange cat crying at 7:30AM. It‚Äôs the sound of a fat orange cat
passive aggressively eating kibbles after I refused to get up and give her wet food.",0.33504707,0,0.26867455,0,0.3854497,0,0.2076579,0,0.12165971,0,0.24836068,0,0.62016255,1,0.4712388,0,0.20194636,0,0.2692481,0,0.40420038,0,0.19640762,0
at://did:plc:7migibs2fyj2psyy6lmkul3h/app.bsky.feed.post/3koegclcbhe2r,2024-03-23T12:27:41.456Z,https://bsky.app/profile/publichealth.bsky.social/post/3koegclcbhe2r,https://bsky.app/profile/publichealth.bsky.social/post/3koegclcbhe2r,this was a BFD to me personally because today i would be dead (and my family bankrupt) without it,4,66,7,False,,,publichealth.bsky.social,False,at://did:plc:7migibs2fyj2psyy6lmkul3h/app.bsky.feed.post/3koegclcbhe2r,this was a BFD to me personally because today i would be dead (and my family bankrupt) without it,0.28857216,0,0.46886346,0,0.40555513,0,0.1406137,0,0.07157431,0,0.12989433,0,0.6344456,1,0.37409663,0,0.44468454,0,0.22817528,0,0.30975488,0,0.21857348,0
at://did:plc:abv47bjgzjgoh3yrygwoi36x/app.bsky.feed.post/3koegbo7ff42z,2024-03-23T12:27:11.217Z,https://bsky.app/profile/whistberry.bsky.social/post/3koegbo7ff42z,https://bsky.app/profile/whistberry.bsky.social/post/3koegbo7ff42z,Don't know that anyone has ever bought three of my books at once before üò≠üòç,3,14,0,False,,,whistberry.bsky.social,False,at://did:plc:abv47bjgzjgoh3yrygwoi36x/app.bsky.feed.post/3koegbo7ff42z,Don't know that anyone has ever bought three of my books at once before üò≠üòç,0.028149333,0,0.24714777,0,0.10819801,0,0.13416551,0,0.24675351,0,0.11434096,0,0.7086838,1,0.11629372,0,0.122394055,0,0.11979624,0,0.10779787,0,0.11523164,0
at://did:plc:yobyqjt4hs5icoihvaombhhn/app.bsky.feed.post/3koegbjyvnk2h,2024-03-23T12:27:06.241Z,https://bsky.app/profile/lolgop.bsky.social/post/3koegbjyvnk2h,https://bsky.app/profile/lolgop.bsky.social/post/3koegbjyvnk2h,Just what I need. A robot is going replace me at the only thing I'm good at -- Resspondamess.,2,36,2,False,,,lolgop.bsky.social,False,at://did:plc:yobyqjt4hs5icoihvaombhhn/app.bsky.feed.post/3koegbjyvnk2h,Just what I need. A robot is going replace me at the only thing I'm good at -- Resspondamess.,0.049336795,0,0.31525248,0,0.15614524,0,0.17664811,0,0.0758189,0,0.10903197,0,0.53611654,1,0.41901585,0,0.16784857,0,0.33119497,0,0.20881297,0,0.1712996,0
at://did:plc:rcuw37omqud7tokjtqv2zr4q/app.bsky.feed.post/3koegbj2stu2w,2024-03-23T12:27:06.038Z,https://bsky.app/profile/davidbrace2.bsky.social/post/3koegbj2stu2w,https://bsky.app/profile/davidbrace2.bsky.social/post/3koegbj2stu2w,"From ""Apocalypse (Still Life)"": ""Buildingfire (Fred & Ginger)"", oil on canvas, 12x16"", 2022- $950(Cdn)",3,13,2,False,,,davidbrace2.bsky.social,False,at://did:plc:rcuw37omqud7tokjtqv2zr4q/app.bsky.feed.post/3koegbj2stu2w,"From ""Apocalypse (Still Life)"": ""Buildingfire (Fred & Ginger)"", oil on canvas, 12x16"", 2022- $950(Cdn)",0.011497946,0,0.18036744,0,0.13707347,0,0.3365044,0,0.10437799,0,0.2384713,0,0.37095368,0,0.14729081,0,0.13491623,0,0.14138538,0,0.13947292,0,0.13703236,0
at://did:plc:u2nzeo2hgx3ckofwx6zklvvl/app.bsky.feed.post/3koeg7r2hin2x,2024-03-23T12:26:06.909Z,https://bsky.app/profile/thecynicist.bsky.social/post/3koeg7r2hin2x,https://bsky.app/profile/thecynicist.bsky.social/post/3koeg7r2hin2x,It is shocking how many times we have proven the solution to poverty is giving people money.,18,44,1,True,,,thecynicist.bsky.social,False,at://did:plc:u2nzeo2hgx3ckofwx6zklvvl/app.bsky.feed.post/3koeg7r2hin2x,It is shocking how many times we have proven the solution to poverty is giving people money.,0.030270588,0,0.19967446,0,0.38118678,0,0.12555276,0,0.10734529,0,0.10283129,0,0.052308604,0,0.42788187,0,0.39248985,0,0.7111404,1,0.61969393,1,0.6211769,1
at://did:plc:znkxzbolhlbdlk2o2zoxwlu7/app.bsky.feed.post/3koeg6xnhqo2v,2024-03-23T12:25:39.964Z,https://bsky.app/profile/blahaj.rodeo/post/3koeg6xnhqo2v,https://bsky.app/profile/blahaj.rodeo/post/3koeg6xnhqo2v,"peak autistic humor is responding ‚Äúno‚Äù when someone asks you to do something for them,
while you‚Äôre already in the middle of doing that thing for them",10,59,9,False,,,blahaj.rodeo,False,at://did:plc:znkxzbolhlbdlk2o2zoxwlu7/app.bsky.feed.post/3koeg6xnhqo2v,"peak autistic humor is responding ‚Äúno‚Äù when someone asks you to do something for them,
while you‚Äôre already in the middle of doing that thing for them",0.1587729,0,0.14633444,0,0.17844121,0,0.2769019,0,0.26654595,0,0.28765815,0,0.2912931,0,0.5741381,1,0.09714387,0,0.46108326,0,0.28661883,0,0.24145412,0
at://did:plc:npsg3gm74knbs4wlttpyimfn/app.bsky.feed.post/3koeg5hvh6m2p,2024-03-23T12:24:49.148Z,https://bsky.app/profile/audleyzdarke.bsky.social/post/3koeg5hvh6m2p,https://bsky.app/profile/audleyzdarke.bsky.social/post/3koeg5hvh6m2p,"I'm doing my best, okay?",0,15,1,False,,,audleyzdarke.bsky.social,False,at://did:plc:npsg3gm74knbs4wlttpyimfn/app.bsky.feed.post/3koeg5hvh6m2p,"I'm doing my best, okay?",0.025792383,0,0.36576703,0,0.4363525,0,0.11016245,0,0.2987437,0,0.103851885,0,0.35595018,0,0.25650823,0,0.27357143,0,0.20564096,0,0.24593034,0,0.20868635,0
at://did:plc:m6s4ffoigukwtp4lvq5uzbxi/app.bsky.feed.post/3koeg3jkggf2q,2024-03-23T12:23:44.988Z,https://bsky.app/profile/lauraamalasunta.bsky.social/post/3koeg3jkggf2q,https://bsky.app/profile/lauraamalasunta.bsky.social/post/3koeg3jkggf2q,Looking for the bit where Judith Butler says what you thought they said,0,19,0,False,,,lauraamalasunta.bsky.social,False,at://did:plc:m6s4ffoigukwtp4lvq5uzbxi/app.bsky.feed.post/3koeg3jkggf2q,Looking for the bit where Judith Butler says what you thought they said,0.020231359,0,0.21417195,0,0.09678974,0,0.11907599,0,0.61039686,1,0.12761015,0,0.121998236,0,0.20040816,0,0.08115245,0,0.093508035,0,0.06400541,0,0.060975682,0
at://did:plc:vwql7wouoeyj7iyu44ahz3w7/app.bsky.feed.post/3koeg2rennt2y,2024-03-23T12:23:19.521Z,https://bsky.app/profile/bluesnowflake.bsky.social/post/3koeg2rennt2y,https://bsky.app/profile/bluesnowflake.bsky.social/post/3koeg2rennt2y,3 days trying to untangle this mess- I‚Äôm ready to burn the fukking house down!,0,18,8,False,,,bluesnowflake.bsky.social,False,at://did:plc:vwql7wouoeyj7iyu44ahz3w7/app.bsky.feed.post/3koeg2rennt2y,3 days trying to untangle this mess- I‚Äôm ready to burn the fukking house down!,0.6667219,1,0.39472556,0,0.16102377,0,0.10416048,0,0.11338645,0,0.09097979,0,0.561672,1,0.25948927,0,0.32014117,0,0.08854021,0,0.3597087,0,0.24145412,0
at://did:plc:t4ugkdwwiy4nni4v7svyaisy/app.bsky.feed.post/3koefyresfo24,2024-03-23T12:22:13.111Z,https://bsky.app/profile/soapachu.bsky.social/post/3koefyresfo24,https://bsky.app/profile/soapachu.bsky.social/post/3koefyresfo24,Getting my nails done and the place is just casually showing the WSL. Can't imagine that a few years ago...,0,14,1,False,,,soapachu.bsky.social,False,at://did:plc:t4ugkdwwiy4nni4v7svyaisy/app.bsky.feed.post/3koefyresfo24,Getting my nails done and the place is just casually showing the WSL. Can't imagine that a few years ago...,0.02072494,0,0.37917098,0,0.24012628,0,0.25357863,0,0.18398336,0,0.18780111,0,0.6952286,1,0.09807436,0,0.09714387,0,0.24770443,0,0.09179657,0,0.16200592,0
at://did:plc:2satfah44msc3khoojnhrvuj/app.bsky.feed.post/3koefyk3hl22t,2024-03-23T12:22:04.799Z,https://bsky.app/profile/jimmerthatisall.bsky.social/post/3koefyk3hl22t,https://bsky.app/profile/jimmerthatisall.bsky.social/post/3koefyk3hl22t,I‚Äôm not shallow I‚Äôm empty get it right.,15,22,0,False,,,jimmerthatisall.bsky.social,False,at://did:plc:2satfah44msc3khoojnhrvuj/app.bsky.feed.post/3koefyk3hl22t,I‚Äôm not shallow I‚Äôm empty get it right.,0.04166769,0,0.40142974,0,0.321393,0,0.09673003,0,0.100476414,0,0.10590835,0,0.40256247,0,0.61672014,1,0.11433243,0,0.2692481,0,0.35269052,0,0.18079075,0
at://did:plc:x6l3uz63jjt43tcaif7tdvgj/app.bsky.feed.post/3koefxxgwpm2b,2024-03-23T12:21:45.031Z,https://bsky.app/profile/mobute.bsky.social/post/3koefxxgwpm2b,https://bsky.app/profile/mobute.bsky.social/post/3koefxxgwpm2b,"writing a beloved 80s kids comedy, and the personality of one of the kids is ""fat,"" his habits are ""eat,"" and his name is ""double cheeseburger""",21,233,17,False,,,mobute.bsky.social,False,at://did:plc:x6l3uz63jjt43tcaif7tdvgj/app.bsky.feed.post/3koefxxgwpm2b,"writing a beloved 80s kids comedy, and the personality of one of the kids is ""fat,"" his habits are ""eat,"" and his name is ""double cheeseburger""",0.3281604,0,0.12267091,0,0.15372267,0,0.40364674,0,0.10437799,0,0.27206606,0,0.41326845,0,0.29139617,0,0.050880987,0,0.22495817,0,0.12056076,0,0.07626099,0
at://did:plc:yobyqjt4hs5icoihvaombhhn/app.bsky.feed.post/3koefxcyq5i25,2024-03-23T12:21:23.446Z,https://bsky.app/profile/lolgop.bsky.social/post/3koefxcyq5i25,https://bsky.app/profile/lolgop.bsky.social/post/3koefxcyq5i25,The experiment is how long they can keep replicating positive results without doing much of anything about it.,41,157,0,True,,,lolgop.bsky.social,False,at://did:plc:yobyqjt4hs5icoihvaombhhn/app.bsky.feed.post/3koefxcyq5i25,The experiment is how long they can keep replicating positive results without doing much of anything about it.,0.017089844,0,0.0010945929,0,0.05646184,0,0.17286047,0,0.11338645,0,0.12647597,0,0.0035067226,0,0.24615806,0,0.43344343,0,0.47080198,0,0.23334341,0,0.37586197,0
at://did:plc:kjsl6b5t5klf5cbtnkyxq3ar/app.bsky.feed.post/3koefuqlcp42a,2024-03-23T12:19:58.298Z,https://bsky.app/profile/anarchonion.bsky.social/post/3koefuqlcp42a,https://bsky.app/profile/anarchonion.bsky.social/post/3koefuqlcp42a,I'm sorry my love but i lied...this task is neither going to be easy nor peasy,0,14,3,False,,,anarchonion.bsky.social,True,at://did:plc:kjsl6b5t5klf5cbtnkyxq3ar/app.bsky.feed.post/3koefuqlcp42a,I'm sorry my love but i lied...this task is neither going to be easy nor peasy,0.067380086,0,0.29989743,0,0.35425907,0,0.11726139,0,0.103396736,0,0.09387397,0,0.30762184,0,0.31326935,0,0.32014117,0,0.19613408,0,0.17468351,0,0.13703236,0
at://did:plc:sayeevaewowlo5wcdinp2mqy/app.bsky.feed.post/3koefpqiah22t,2024-03-23T12:17:09.579Z,https://bsky.app/profile/conniemenefee.bsky.social/post/3koefpqiah22t,https://bsky.app/profile/conniemenefee.bsky.social/post/3koefpqiah22t,Many years ago at the Cincinnati Zoo - North American river otter,3,12,0,False,,,conniemenefee.bsky.social,False,at://did:plc:sayeevaewowlo5wcdinp2mqy/app.bsky.feed.post/3koefpqiah22t,Many years ago at the Cincinnati Zoo - North American river otter,0.059479803,0,0.11183177,0,0.10410205,0,0.23307678,0,0.061006065,0,0.15872851,0,0.42846215,0,0.21273878,0,0.19730504,0,0.15321015,0,0.17662695,0,0.15111288,0
at://did:plc:x5yqywe7lnmxcw5qpkkskgse/app.bsky.feed.post/3koefnqddsv2e,2024-03-23T12:16:02.169Z,https://bsky.app/profile/adamkotsko.bsky.social/post/3koefnqddsv2e,https://bsky.app/profile/adamkotsko.bsky.social/post/3koefnqddsv2e,"Every millisecond you spend designing, explaining, and enforcing stupid punitive systems like this is lost to actual education.",3,35,3,True,,,adamkotsko.bsky.social,False,at://did:plc:x5yqywe7lnmxcw5qpkkskgse/app.bsky.feed.post/3koefnqddsv2e,"Every millisecond you spend designing, explaining, and enforcing stupid punitive systems like this is lost to actual education.",0.5885171,1,0.08714753,0,0.18097372,0,0.10585547,0,0.07410899,0,0.055034567,0,0.011842369,0,0.5673642,1,0.65083814,1,0.5997816,1,0.76058394,1,0.49004662,0
at://did:plc:6wzqkqpcep2yjlwavrj2t3sf/app.bsky.feed.post/3koef7oq2be2r,2024-03-23T12:08:08.811Z,https://bsky.app/profile/lordjuiblex.bsky.social/post/3koef7oq2be2r,https://bsky.app/profile/lordjuiblex.bsky.social/post/3koef7oq2be2r,I don't want to tell a hat store how to sell hats. But the man in this photo does not look happy about wearing this hat.,4,25,6,False,,,lordjuiblex.bsky.social,False,at://did:plc:6wzqkqpcep2yjlwavrj2t3sf/app.bsky.feed.post/3koef7oq2be2r,I don't want to tell a hat store how to sell hats. But the man in this photo does not look happy about wearing this hat.,0.039226998,0,0.17545563,0,0.49698222,0,0.29363838,0,0.11749236,0,0.31153792,0,0.19912818,0,0.44482207,0,0.2975852,0,0.35387492,0,0.3353961,0,0.20661998,0
at://did:plc:yjsxhx3jmbrzcwv5teaoaqe4/app.bsky.feed.post/3koef4m32vq2r,2024-03-23T12:06:27.278Z,https://bsky.app/profile/theearlyworm.bsky.social/post/3koef4m32vq2r,https://bsky.app/profile/theearlyworm.bsky.social/post/3koef4m32vq2r,"UNIONS INCREASE WEALTH FOR ALL AMERICANS.
New study finds the biggest boost goes to Black and Hispanic
households as well as those without a college degree.
Dig into democracy at www.erlywrm.com
",5,16,2,True,,,theearlyworm.bsky.social,False,at://did:plc:yjsxhx3jmbrzcwv5teaoaqe4/app.bsky.feed.post/3koef4m32vq2r,"UNIONS INCREASE WEALTH FOR ALL AMERICANS.
New study finds the biggest boost goes to Black and Hispanic
households as well as those without a college degree.
Dig into democracy at www.erlywrm.com
",0.17025198,0,0.2329597,0,0.27033064,0,0.5772782,1,0.090076774,0,0.3739005,0,0.3692442,0,0.3599499,0,0.15677524,0,0.7819916,1,0.25019324,0,0.29483557,0
at://did:plc:zs5cbnx3p4g5mie5peplc665/app.bsky.feed.post/3koeexicqj72w,2024-03-23T12:03:35.648Z,https://bsky.app/profile/thomaszimmer.bsky.social/post/3koeexicqj72w,https://bsky.app/profile/thomaszimmer.bsky.social/post/3koeexicqj72w,"Weekend reading: I wrote about how ‚ÄúProject 2025‚Äù fits in the history of modern conservatism,
how it captures the Right‚Äôs radicalization ‚Äì and why it is so dangerous.",8,29,1,True,,,thomaszimmer.bsky.social,False,at://did:plc:zs5cbnx3p4g5mie5peplc665/app.bsky.feed.post/3koeexicqj72w,"Weekend reading: I wrote about how ‚ÄúProject 2025‚Äù fits in the history of modern conservatism,
how it captures the Right‚Äôs radicalization ‚Äì and why it is so dangerous.",0.038519915,0,0.28066093,0,0.07129011,0,0.30919355,0,0.30485183,0,0.13966006,0,0.36071485,0,0.5021476,1,0.15457156,0,0.48956457,0,0.35619268,0,0.32129,0
at://did:plc:btj7htumgboprmobfodhw7wu/app.bsky.feed.post/3kodtnwro7c2g,2024-03-23T06:54:01.223Z,https://bsky.app/profile/joparkerbear.bsky.social/post/3kodtnwro7c2g,https://bsky.app/profile/joparkerbear.bsky.social/post/3kodtnwro7c2g,"who would like to do me the great kindness of opening my window,
blowing a tranquilizer dart into my neck, and then fleeing the scene",12,25,2,False,,,joparkerbear.bsky.social,False,at://did:plc:btj7htumgboprmobfodhw7wu/app.bsky.feed.post/3kodtnwro7c2g,"who would like to do me the great kindness of opening my window,
blowing a tranquilizer dart into my neck, and then fleeing the scene",0.42985553,0,0.07813416,0,0.19121124,0,0.13125886,0,0.29063478,0,0.11977882,0,0.18987136,0,0.36983415,0,0.41932938,0,0.11841835,0,0.2544893,0,0.20046926,0
at://did:plc:vtcm54bmbkuaj32aiqtbvrwu/app.bsky.feed.post/3kodtipufnx22,2024-03-23T06:51:06.612Z,https://bsky.app/profile/acab4cutie.top/post/3kodtipufnx22,https://bsky.app/profile/acab4cutie.top/post/3kodtipufnx22,this is my twitter roman empire,11,55,2,False,,,acab4cutie.top,False,at://did:plc:vtcm54bmbkuaj32aiqtbvrwu/app.bsky.feed.post/3kodtipufnx22,this is my twitter roman empire,0.048842013,0,0.29989743,0,0.16102377,0,0.1406137,0,0.12271099,0,0.15556577,0,0.28869942,0,0.32597813,0,0.31134543,0,0.2810419,0,0.28775686,0,0.32001022,0
at://did:plc:ortrrmj7ycrnkawtbrun4njs/app.bsky.feed.post/3kodtim2or32e,2024-03-23T06:51:02.862Z,https://bsky.app/profile/catgirlfingies.bsky.social/post/3kodtim2or32e,https://bsky.app/profile/catgirlfingies.bsky.social/post/3kodtim2or32e,Happy anniversary Resident Evil Can't believe it's been 28 years wow,2,17,0,False,,,catgirlfingies.bsky.social,False,at://did:plc:ortrrmj7ycrnkawtbrun4njs/app.bsky.feed.post/3kodtim2or32e,Happy anniversary Resident Evil Can't believe it's been 28 years wow,0.11171334,0,0.46774283,0,0.31372264,0,0.122753285,0,0.120612115,0,0.07717534,0,0.41788813,0,0.104975246,0,0.26827538,0,0.16220845,0,0.08990665,0,0.18464175,0
at://did:plc:eycg47nc4kycvzgiq3r5h326/app.bsky.feed.post/3kodtfo2k2g2y,2024-03-23T06:49:23.981Z,https://bsky.app/profile/rikefranke.bsky.social/post/3kodtfo2k2g2y,https://bsky.app/profile/rikefranke.bsky.social/post/3kodtfo2k2g2y,"I have written about the growing dependence of states on private (civilian) firms for vitally
important military capabilities here üëá
https://veranstaltungen.handelsblatt.com/journal/hb-journal-02-2024-sicherheit-und-verteidigung/#Seite_18",10,48,1,True,,,rikefranke.bsky.social,False,at://did:plc:eycg47nc4kycvzgiq3r5h326/app.bsky.feed.post/3kodtfo2k2g2y,"I have written about the growing dependence of states on private (civilian) firms for vitally
important military capabilities here üëá
https://veranstaltungen.handelsblatt.com/journal/hb-journal-02-2024-sicherheit-und-verteidigung/#Seite_18",0.0074768066,0,0.14633444,0,0.08458632,0,0.52817386,1,0.30689266,0,0.32614216,0,0.38878402,0,0.13602011,0,0.35588497,0,0.2184817,0,0.10484648,0,0.18464175,0
at://did:plc:fpfyc75kk67kcta3fubeavpv/app.bsky.feed.post/3kodtf27vj62z,2024-03-23T06:49:03.121Z,https://bsky.app/profile/nataliereed84.bsky.social/post/3kodtf27vj62z,https://bsky.app/profile/nataliereed84.bsky.social/post/3kodtf27vj62z,"The fact that they made a staple carb tuber crop, a tasty veggie crop, a savory fruit crop with diverse
tastes, an extremely flavourful and delicious mildly-spicy pepper crop,
AND an enjoyable stimulant smoking crop ALL from the same family
of extremely poisonous flowers is just like mindblowing.",2,12,3,False,,,nataliereed84.bsky.social,False,at://did:plc:fpfyc75kk67kcta3fubeavpv/app.bsky.feed.post/3kodtf27vj62z,"The fact that they made a staple carb tuber crop, a tasty veggie crop, a savory fruit crop with diverse
tastes, an extremely flavourful and delicious mildly-spicy pepper crop,
AND an enjoyable stimulant smoking crop ALL from the same family
of extremely poisonous flowers is just like mindblowing.",0.11098998,0,0.25667855,0,0.12096021,0,0.67556167,1,0.2825658,0,0.5664272,1,0.36753565,0,0.03941436,0,0.07941056,0,0.18673708,0,0.16321267,0,0.044374865,0
at://did:plc:ojpwzitzlxcjttea3paf4zv3/app.bsky.feed.post/3kodt47pdqz2i,2024-03-23T06:44:07.071Z,https://bsky.app/profile/tiamarie.bsky.social/post/3kodt47pdqz2i,https://bsky.app/profile/tiamarie.bsky.social/post/3kodt47pdqz2i,Jaxon is shrimpin,3,21,0,False,,,tiamarie.bsky.social,False,at://did:plc:ojpwzitzlxcjttea3paf4zv3/app.bsky.feed.post/3kodt47pdqz2i,Jaxon is shrimpin,0.37340668,0,0.23531619,0,0.19644909,0,0.16659191,0,0.10734529,0,0.16190393,0,0.27196017,0,0.33982548,0,0.37107298,0,0.33813402,0,0.25664917,0,0.24145412,0
at://did:plc:yh6exh6qoowupd3mezkuhseh/app.bsky.feed.post/3kobeywj27f2c,2024-03-22T07:26:25.996Z,https://bsky.app/profile/dimsie.bsky.social/post/3kobeywj27f2c,https://bsky.app/profile/dimsie.bsky.social/post/3kobeywj27f2c,"The best thing about being a fat person on a flight travelling with skinny kids is that they become
your buffer against the Grumpy Asshole brigade. The Limpet could fit two of him in his middle
seat and I am here beside him in glorious isolation",0,12,0,,,,dimsie.bsky.social,False,at://did:plc:yh6exh6qoowupd3mezkuhseh/app.bsky.feed.post/3kobeywj27f2c,"The best thing about being a fat person on a flight travelling with skinny kids is that they become
your buffer against the Grumpy Asshole brigade. The Limpet could fit two of him in his middle
seat and I am here beside him in glorious isolation",0.6407703,1,0.4532196,0,0.39977503,0,0.23715812,0,0.084609546,0,0.27982917,0,0.7685039,1,0.7057046,1,0.174536,0,0.55978775,1,0.37511086,0,0.22738464,0
at://did:plc:5hwy5afvfhonj6mrpcxm3rfy/app.bsky.feed.post/3kobdoljq6x2y,2024-03-22T07:02:43.715Z,https://bsky.app/profile/emily.gorcen.ski/post/3kobdoljq6x2y,https://bsky.app/profile/emily.gorcen.ski/post/3kobdoljq6x2y,"Not only do I not give a shit if embassies can fly Pride flags I kind of am glad that they can‚Äôt because
my flag does does not belong on the house of an empire",2,18,2,,,,emily.gorcen.ski,False,at://did:plc:5hwy5afvfhonj6mrpcxm3rfy/app.bsky.feed.post/3kobdoljq6x2y,"Not only do I not give a shit if embassies can fly Pride flags I kind of am glad that they can‚Äôt because
my flag does does not belong on the house of an empire",0.6289369,1,0.39026847,0,0.11651174,0,0.1331928,0,0.07928687,0,0.19109875,0,0.49753848,0,0.70929784,1,0.08996702,0,0.5539669,1,0.6082371,1,0.4364279,0
at://did:plc:jfpub26kfrtponcqzi7i7udl/app.bsky.feed.post/3kobdnpsijd2m,2024-03-22T07:02:13.040Z,https://bsky.app/profile/womensart1.bsky.social/post/3kobdnpsijd2m,https://bsky.app/profile/womensart1.bsky.social/post/3kobdnpsijd2m,Contemporary British ceramic artist Kitty Shepherd #womensart,9,38,0,False,,,womensart1.bsky.social,False,at://did:plc:jfpub26kfrtponcqzi7i7udl/app.bsky.feed.post/3kobdnpsijd2m,Contemporary British ceramic artist Kitty Shepherd #womensart,0.017215505,0,0.12726861,0,0.11870198,0,0.22631595,0,0.0837122,0,0.13966006,0,0.18757416,0,0.16165178,0,0.32308015,0,0.2542841,0,0.17857973,0,0.24533865,0
at://did:plc:pjygcxhjptmvgrcwvh3beftf/app.bsky.feed.post/3kobdjkfwrf2h,2024-03-22T06:59:54.790Z,https://bsky.app/profile/portdrift.bsky.social/post/3kobdjkfwrf2h,https://bsky.app/profile/portdrift.bsky.social/post/3kobdjkfwrf2h,"who would like to do me the great kindness of opening my window, blowing a tranquilizer dart
into my neck, and then fleeing the scene",0,22,3,False,,,portdrift.bsky.social,False,at://did:plc:pjygcxhjptmvgrcwvh3beftf/app.bsky.feed.post/3kobdjkfwrf2h,"who would like to do me the great kindness of opening my window, blowing a tranquilizer dart
into my neck, and then fleeing the scene",0.44002727,0,0.08897218,0,0.17591934,0,0.1331928,0,0.30077735,0,0.12310397,0,0.20501089,0,0.37980342,0,0.413706,0,0.122436896,0,0.26099503,0,0.19843441,0
at://did:plc:w5viaieabxbyiams2sgchvpn/app.bsky.feed.post/3kobdjddlm42h,2024-03-22T06:59:47.667Z,https://bsky.app/profile/shetalya.bsky.social/post/3kobdjddlm42h,https://bsky.app/profile/shetalya.bsky.social/post/3kobdjddlm42h,kahvaltƒ± tabaƒüƒ±m kadar alakasƒ±z ama sebepsiz ne≈üeli ve renkli bi g√ºn dilerim erenlerü§òüèª,0,20,0,False,,,shetalya.bsky.social,False,at://did:plc:w5viaieabxbyiams2sgchvpn/app.bsky.feed.post/3kobdjddlm42h,kahvaltƒ± tabaƒüƒ±m kadar alakasƒ±z ama sebepsiz ne≈üeli ve renkli bi g√ºn dilerim erenlerü§òüèª,0.22177623,0,0.09820561,0,0.31525165,0,0.1406137,0,0.09474389,0,0.115418,0,0.24914877,0,0.2883094,0,0.11433243,0,0.27428618,0,0.21083815,0,0.15652306,0
at://did:plc:knqewjjfjkg2pne3fikuyadi/app.bsky.feed.post/3kobdiy4gi22f,2024-03-22T06:59:35.698Z,https://bsky.app/profile/hungrymama.bsky.social/post/3kobdiy4gi22f,https://bsky.app/profile/hungrymama.bsky.social/post/3kobdiy4gi22f,"Removing funding for continuous glucose monitors is lower than low.
We should be funding them for every single person who uses insulin
- I self fund one and it has saved my bacon so many times and a kid
with T1 is so much more vulnerable than I am.",5,37,2,True,,,hungrymama.bsky.social,False,at://did:plc:knqewjjfjkg2pne3fikuyadi/app.bsky.feed.post/3kobdiy4gi22f,"Removing funding for continuous glucose monitors is lower than low.
We should be funding them for every single person who uses insulin
- I self fund one and it has saved my bacon so many times and a kid
with T1 is so much more vulnerable than I am.",0.017843807,0,0.5654446,1,0.8161044,1,0.7544598,1,0.2546384,0,0.6327013,1,0.74777347,1,0.20963818,0,0.38329166,0,0.5933241,1,0.6050675,1,0.1788765,0
at://did:plc:jfpub26kfrtponcqzi7i7udl/app.bsky.feed.post/3kobdia5kfd2q,2024-03-22T06:59:08.852Z,https://bsky.app/profile/womensart1.bsky.social/post/3kobdia5kfd2q,https://bsky.app/profile/womensart1.bsky.social/post/3kobdia5kfd2q,"Eva Krbdk, contemporary Turkish tattoo artist who sometimes re-interprets the work of famous artists",14,67,0,False,,,womensart1.bsky.social,False,at://did:plc:jfpub26kfrtponcqzi7i7udl/app.bsky.feed.post/3kobdia5kfd2q,"Eva Krbdk, contemporary Turkish tattoo artist who sometimes re-interprets the work of famous artists",0.02072494,0,0.115430765,0,0.10819801,0,0.29504436,0,0.10241937,0,0.24175529,0,0.25166142,0,0.20347312,0,0.24202219,0,0.18362866,0,0.13770942,0,0.13876477,0
at://did:plc:uawpnizar3zx77tupwgqeczj/app.bsky.feed.post/3kobdh52dzk2z,2024-03-22T06:58:33.914Z,https://bsky.app/profile/brokenstarfish.bsky.social/post/3kobdh52dzk2z,https://bsky.app/profile/brokenstarfish.bsky.social/post/3kobdh52dzk2z,She‚Äôs just lying there purring at me,0,27,2,False,,,brokenstarfish.bsky.social,False,at://did:plc:uawpnizar3zx77tupwgqeczj/app.bsky.feed.post/3kobdh52dzk2z,She‚Äôs just lying there purring at me,0.23198941,0,0.21174517,0,0.2985656,0,0.11907599,0,0.09380275,0,0.12088228,0,0.38844004,0,0.28677008,0,0.30842054,0,0.14138538,0,0.24805763,0,0.17318203,0
at://did:plc:p3vdrhjpqfnrj5523b5dnl7c/app.bsky.feed.post/3kobdf4vgtk2j,2024-03-22T06:57:26.707Z,https://bsky.app/profile/slaypussyhat.gay/post/3kobdf4vgtk2j,https://bsky.app/profile/slaypussyhat.gay/post/3kobdf4vgtk2j,hehehe boys,0,16,1,False,,,slaypussyhat.gay,False,at://did:plc:p3vdrhjpqfnrj5523b5dnl7c/app.bsky.feed.post/3kobdf4vgtk2j,hehehe boys,0.050326355,0,0.28784943,0,0.27326855,0,0.1361225,0,0.14603578,0,0.1329856,0,0.25670323,0,0.38123474,0,0.45575067,0,0.46836692,0,0.33654043,0,0.36036575,0
at://did:plc:v5r3wdrdcp5kgjx5jz2eykc6/app.bsky.feed.post/3kobddgjb4k2z,2024-03-22T06:56:29.651Z,https://bsky.app/profile/jayneagain.bsky.social/post/3kobddgjb4k2z,https://bsky.app/profile/jayneagain.bsky.social/post/3kobddgjb4k2z,Thomas guarding all the voids while they do breakfast üòª,4,37,1,False,,,jayneagain.bsky.social,False,at://did:plc:v5r3wdrdcp5kgjx5jz2eykc6/app.bsky.feed.post/3kobddgjb4k2z,Thomas guarding all the voids while they do breakfast üòª,0.039935954,0,0.18283133,0,0.2044055,0,0.17538343,0,0.10144578,0,0.12310397,0,0.18872178,0,0.19431347,0,0.30842054,0,0.23789406,0,0.19656126,0,0.23247011,0
at://did:plc:z233fl2onqt7wbjkolynhsi3/app.bsky.feed.post/3kobdceihfo25,2024-03-22T06:55:53.906Z,https://bsky.app/profile/swordsjew.bsky.social/post/3kobdceihfo25,https://bsky.app/profile/swordsjew.bsky.social/post/3kobdceihfo25,"ok so im reading dune for the first time since i was 11 (all i remembered was worms
and pee suits and a messiah guy) and i love how completely demented this book is.
i love that there's a warrior bard and a guy named DUNCAN IDAHO",14,510,32,False,,,swordsjew.bsky.social,False,at://did:plc:z233fl2onqt7wbjkolynhsi3/app.bsky.feed.post/3kobdceihfo25,"ok so im reading dune for the first time since i was 11 (all i remembered was worms
and pee suits and a messiah guy) and i love how completely demented this book is.
i love that there's a warrior bard and a guy named DUNCAN IDAHO",0.22712809,0,0.33484155,0,0.15614524,0,0.22901386,0,0.1762937,0,0.16190393,0,0.6575432,1,0.35574147,0,0.122394055,0,0.061811548,0,0.2395989,0,0.039868217,0
at://did:plc:utoo7rhhf3rm76pnmqz5ujvb/app.bsky.feed.post/3kobdbbpghx25,2024-03-22T06:55:17.327Z,https://bsky.app/profile/witshell.bsky.social/post/3kobdbbpghx25,https://bsky.app/profile/witshell.bsky.social/post/3kobdbbpghx25,#birds,11,89,2,False,,,witshell.bsky.social,False,at://did:plc:utoo7rhhf3rm76pnmqz5ujvb/app.bsky.feed.post/3kobdbbpghx25,#birds,0.024378212,0,0.33703154,0,0.30006987,0,0.14807095,0,0.18978162,0,0.22137496,0,0.26940405,0,0.36983415,0,0.48220512,0,0.41653508,0,0.37750313,0,0.37716222,0
at://did:plc:jfpub26kfrtponcqzi7i7udl/app.bsky.feed.post/3kobdauqtjk2n,2024-03-22T06:55:02.025Z,https://bsky.app/profile/womensart1.bsky.social/post/3kobdauqtjk2n,https://bsky.app/profile/womensart1.bsky.social/post/3kobdauqtjk2n,"Photographer Helen Levitt, Two Children Dancing, New York, 1940",49,369,1,False,,,womensart1.bsky.social,False,at://did:plc:jfpub26kfrtponcqzi7i7udl/app.bsky.feed.post/3kobdauqtjk2n,"Photographer Helen Levitt, Two Children Dancing, New York, 1940",0.0058432184,0,0.021793652,0,0.1324148,0,0.1424673,0,0.0837122,0,0.101815864,0,0.10969645,0,0.27151304,0,0.174536,0,0.27597088,0,0.20478956,0,0.18464175,0
at://did:plc:qa4uua5hqvhkdfwvseg33goo/app.bsky.feed.post/3kobd6mbirr2x,2024-03-22T06:53:47.842Z,https://bsky.app/profile/kimtairi.bsky.social/post/3kobd6mbirr2x,https://bsky.app/profile/kimtairi.bsky.social/post/3kobd6mbirr2x,"All the gigs should be in Avondale just saying! Happy I can walk home and NOT have to
deal with the buggery that is TƒÅmaki Makaurau traffic!",0,18,2,True,,,kimtairi.bsky.social,False,at://did:plc:qa4uua5hqvhkdfwvseg33goo/app.bsky.feed.post/3kobd6mbirr2x,"All the gigs should be in Avondale just saying! Happy I can walk home and NOT have to
deal with the buggery that is TƒÅmaki Makaurau traffic!",0.24442963,0,0.50545514,1,0.20976527,0,0.33215606,0,0.3286836,0,0.2813899,0,0.5589702,1,0.29294303,0,0.098955475,0,0.29125515,0,0.2946277,0,0.19243658,0
at://did:plc:zljlg7cgdfsl7maqvjjpp7i4/app.bsky.feed.post/3kobd5uhwrf2u,2024-03-22T06:53:22.934Z,https://bsky.app/profile/starshine.bsky.social/post/3kobd5uhwrf2u,https://bsky.app/profile/starshine.bsky.social/post/3kobd5uhwrf2u,"reminder there‚Äôs at least  ~80,000 lgbt people that‚Äôd stop getting paid after tomorrow if this didn‚Äôt pass",88,257,8,True,,,starshine.bsky.social,False,at://did:plc:zljlg7cgdfsl7maqvjjpp7i4/app.bsky.feed.post/3kobd5uhwrf2u,"reminder there‚Äôs at least  ~80,000 lgbt people that‚Äôd stop getting paid after tomorrow if this didn‚Äôt pass",0.10609736,0,0.21657933,0,0.4834925,0,0.3635899,0,0.13506666,0,0.27206606,0,0.1627653,0,0.45914584,0,0.43344343,0,0.6331944,1,0.40912613,0,0.36164957,0
at://did:plc:jyfsxjbjj3zrqdbnqbje4pzu/app.bsky.feed.post/3kobd26uxoe2k,2024-03-22T06:51:17.527Z,https://bsky.app/profile/mrrobertbob.bsky.social/post/3kobd26uxoe2k,https://bsky.app/profile/mrrobertbob.bsky.social/post/3kobd26uxoe2k,"The EU has agreed to begin membership negotiations with Bosnia and Herzegovina.
So much for Brexiters predicting the collapse of the EU. ü§∑‚Äç‚ôÇÔ∏è",10,31,2,True,,,mrrobertbob.bsky.social,False,at://did:plc:jyfsxjbjj3zrqdbnqbje4pzu/app.bsky.feed.post/3kobd26uxoe2k,"The EU has agreed to begin membership negotiations with Bosnia and Herzegovina.
So much for Brexiters predicting the collapse of the EU. ü§∑‚Äç‚ôÇÔ∏è",0.034748793,0,0.09080389,0,0.04225969,0,0.17918386,0,0.09759216,0,0.10487753,0,0.04238304,0,0.47827956,0,0.22645767,0,0.6133461,1,0.12731361,0,0.37326533,0
at://did:plc:tqpaid7bhsbtgvpl5gxyaeui/app.bsky.feed.post/3kobczjsoo42a,2024-03-22T06:50:56.925Z,https://bsky.app/profile/nedgilmore.bsky.social/post/3kobczjsoo42a,https://bsky.app/profile/nedgilmore.bsky.social/post/3kobczjsoo42a,"Just as an aside, the 'Right' never ever cared about getting good value from public service spending.
When the public sector was inefficient, they cut it.  When the public was efficient, they cut it again. 
When the public sector is doing amazing things, they still cut it.
They just don't want it.",10,37,0,True,,,nedgilmore.bsky.social,False,at://did:plc:tqpaid7bhsbtgvpl5gxyaeui/app.bsky.feed.post/3kobczjsoo42a,"Just as an aside, the 'Right' never ever cared about getting good value from public service spending.
When the public sector was inefficient, they cut it.  When the public was efficient, they cut it again. 
When the public sector is doing amazing things, they still cut it.
They just don't want it.",0.03875561,0,0.370229,0,0.2017425,0,0.41878623,0,0.15164815,0,0.32450983,0,0.3082793,0,0.67141026,1,0.08996702,0,0.8405015,1,0.60567135,1,0.7489775,1
at://did:plc:o5exgt6gniampdauygxutzq7/app.bsky.feed.post/3ko6zejnpis2r,2024-03-21T08:52:49.635Z,https://bsky.app/profile/viktorwinetrout.bsky.social/post/3ko6zejnpis2r,https://bsky.app/profile/viktorwinetrout.bsky.social/post/3ko6zejnpis2r,"What your post failed to consider is me, a complete stranger with bad opinions",9,22,0,False,https://bsky.app/profile/did:plc:z72i7hdynmk6r22z27h6tvur/feed/hot-classic,3/21/2024,viktorwinetrout.bsky.social,False,at://did:plc:o5exgt6gniampdauygxutzq7/app.bsky.feed.post/3ko6zejnpis2r,"What your post failed to consider is me, a complete stranger with bad opinions",0.15932569,0,0.18036744,0,0.17591934,0,0.08505413,0,0.26654595,0,0.11220199,0,0.18072422,0,0.6325301,1,0.19037059,0,0.25098878,0,0.4489697,0,0.19243658,0
at://did:plc:fubs4myinjuxmwlgqrhr6a7o/app.bsky.feed.post/3ko6xzqc7vm25,2024-03-21T08:28:55.572Z,https://bsky.app/profile/danielhuckmann.com/post/3ko6xzqc7vm25,https://bsky.app/profile/danielhuckmann.com/post/3ko6xzqc7vm25,"Twilight embraces,
Iron veins on brick canvas‚Äî
Portland's heart beats.",0,13,0,False,,,danielhuckmann.com,False,at://did:plc:fubs4myinjuxmwlgqrhr6a7o/app.bsky.feed.post/3ko6xzqc7vm25,"Twilight embraces,
Iron veins on brick canvas‚Äî
Portland's heart beats.",0.029563503,0,0.15114407,0,0.11441821,0,0.119989015,0,0.0758189,0,0.12088228,0,0.34848112,0,0.19735487,0,0.35588497,0,0.35915568,0,0.1925018,0,0.1712996,0
at://did:plc:pkwsc7j4b5lgnnta3gpaik6t/app.bsky.feed.post/3ko6xp2u72o2l,2024-03-21T08:22:55.542Z,https://bsky.app/profile/mordoreri.bsky.social/post/3ko6xp2u72o2l,https://bsky.app/profile/mordoreri.bsky.social/post/3ko6xp2u72o2l,"◊õ◊©◊ê◊í◊ú◊î ◊ê◊ô◊ö ◊û◊°◊ë◊ô◊®◊ô◊ù ◊ê◊™ ◊ñ◊î ◊ú◊ê◊ó◊ô◊ù ◊ê◊†◊ï◊©◊ô◊ô◊ù, ◊û◊ë◊ò◊ô◊ó◊î ◊ú◊®◊ê◊ï◊™ ◊ê◊ô◊ö ◊ú◊©◊õ◊ú◊ú ◊ê◊™ ◊ñ◊î ◊ú◊ó◊û◊ï◊°◊ô◊ù.",0,2,0,False,,,mordoreri.bsky.social,False,at://did:plc:pkwsc7j4b5lgnnta3gpaik6t/app.bsky.feed.post/3ko6xp2u72o2l,"◊õ◊©◊ê◊í◊ú◊î ◊ê◊ô◊ö ◊û◊°◊ë◊ô◊®◊ô◊ù ◊ê◊™ ◊ñ◊î ◊ú◊ê◊ó◊ô◊ù ◊ê◊†◊ï◊©◊ô◊ô◊ù, ◊û◊ë◊ò◊ô◊ó◊î ◊ú◊®◊ê◊ï◊™ ◊ê◊ô◊ö ◊ú◊©◊õ◊ú◊ú ◊ê◊™ ◊ñ◊î ◊ú◊ó◊û◊ï◊°◊ô◊ù.",0.0665887,0,0.28305343,0,0.2851209,0,0.14807095,0,0.10734529,0,0.088129774,0,0.3309285,0,0.35574147,0,0.20660369,0,0.30675107,0,0.2854828,0,0.23119535,0
at://did:plc:jkg4jak4xidzugexsiuvykdz/app.bsky.feed.post/3ko6xjltdjg2x,2024-03-21T08:19:51.764Z,https://bsky.app/profile/ayayadlin.bsky.social/post/3ko6xjltdjg2x,https://bsky.app/profile/ayayadlin.bsky.social/post/3ko6xjltdjg2x,◊ê◊ô◊ö ◊ú◊î◊°◊ë◊ô◊® ◊ú◊ó◊û◊ï◊°◊î ◊û◊§◊ú◊¶◊™ ◊©◊ê◊ù ◊î◊ô◊ê ◊™◊§◊°◊ô◊ß ◊ú◊†◊©◊ï◊ö ◊ê◊™ ◊ê◊ó ◊©◊ú◊î ◊î◊õ◊ú◊ë ◊î◊ï◊ê ◊ô◊®◊¶◊î ◊î◊®◊ë◊î ◊ô◊ï◊™◊® ◊ú◊©◊ó◊ß ◊ê◊ô◊™◊î ◊ï◊ú◊î◊™◊õ◊®◊ë◊ú ◊ê◊ô◊™◊î?,0,12,0,False,,,ayayadlin.bsky.social,False,at://did:plc:jkg4jak4xidzugexsiuvykdz/app.bsky.feed.post/3ko6xjltdjg2x,◊ê◊ô◊ö ◊ú◊î◊°◊ë◊ô◊® ◊ú◊ó◊û◊ï◊°◊î ◊û◊§◊ú◊¶◊™ ◊©◊ê◊ù ◊î◊ô◊ê ◊™◊§◊°◊ô◊ß ◊ú◊†◊©◊ï◊ö ◊ê◊™ ◊ê◊ó ◊©◊ú◊î ◊î◊õ◊ú◊ë ◊î◊ï◊ê ◊ô◊®◊¶◊î ◊î◊®◊ë◊î ◊ô◊ï◊™◊® ◊ú◊©◊ó◊ß ◊ê◊ô◊™◊î ◊ï◊ú◊î◊™◊õ◊®◊ë◊ú ◊ê◊ô◊™◊î?,0.10566349,0,0.12726861,0,0.30611402,0,0.29504436,0,0.59243864,1,0.16829737,0,0.20860094,0,0.28677008,0,0.19962387,0,0.27934936,0,0.23127446,0,0.16942513,0
at://did:plc:hs6uqvhujmevzachdm7fwevj/app.bsky.feed.post/3ko6xcnepmk24,2024-03-21T08:16:00.269Z,https://bsky.app/profile/fiddlecub.bsky.social/post/3ko6xcnepmk24,https://bsky.app/profile/fiddlecub.bsky.social/post/3ko6xcnepmk24,We won GDC narrative and goty awards. Woo'!,2,22,3,False,,,fiddlecub.bsky.social,False,at://did:plc:hs6uqvhujmevzachdm7fwevj/app.bsky.feed.post/3ko6xcnepmk24,We won GDC narrative and goty awards. Woo'!,0.017969469,0,0.46998477,0,0.12096021,0,0.2076579,0,0.103396736,0,0.11434096,0,0.3282414,0,0.07963396,0,0.19730504,0,0.096027814,0,0.08711074,0,0.18464175,0
at://did:plc:vuykhoofwi3fypfdci3zpwql/app.bsky.feed.post/3ko6xchomoe2a,2024-03-21T08:15:52.704Z,https://bsky.app/profile/vviderlich.bsky.social/post/3ko6xchomoe2a,https://bsky.app/profile/vviderlich.bsky.social/post/3ko6xchomoe2a,"w√ºrde es nicht viel mehr sinn ergeben jemanden w√§hrend einer akuten migr√§neattake
ins mrt zu schieben statt zu einem random termin den man halt als gesetzlich
versicherte so in siebeneinhalb monaten bekommt aber keine ahnung bin kein arztologe",0,24,0,False,,,vviderlich.bsky.social,False,at://did:plc:vuykhoofwi3fypfdci3zpwql/app.bsky.feed.post/3ko6xchomoe2a,"w√ºrde es nicht viel mehr sinn ergeben jemanden w√§hrend einer akuten migr√§neattake
ins mrt zu schieben statt zu einem random termin den man halt als gesetzlich
versicherte so in siebeneinhalb monaten bekommt aber keine ahnung bin kein arztologe",0.05304765,0,0.07813416,0,0.38972762,0,0.41878623,0,0.24872018,0,0.31800422,0,0.11172729,0,0.27454415,0,0.2238778,0,0.35563245,0,0.2375056,0,0.098207824,0
at://did:plc:6y3honhec2jch2ryrbuyx5a5/app.bsky.feed.post/3ko6x2htqyc27,2024-03-21T08:11:23.734Z,https://bsky.app/profile/maks23.bsky.social/post/3ko6x2htqyc27,https://bsky.app/profile/maks23.bsky.social/post/3ko6x2htqyc27,"üí™üá∫üá¶ Automatic 40-mm grenade launchers UAG-40 of Ukrainian development
for Territorial Defense from the ""Come Back Alive""",1,21,0,True,,,maks23.bsky.social,False,at://did:plc:6y3honhec2jch2ryrbuyx5a5/app.bsky.feed.post/3ko6x2htqyc27,"üí™üá∫üá¶ Automatic 40-mm grenade launchers UAG-40 of Ukrainian development
for Territorial Defense from the ""Come Back Alive""",0.112333365,0,0.060666207,0,0.09059314,0,0.26313692,0,0.0864158,0,0.18451619,0,0.11581159,0,0.20655026,0,0.33783513,0,0.3433625,0,0.18847817,0,0.2045616,0
at://did:plc:5ba7qdxu5xvbvc4yxxzj7dpf/app.bsky.feed.post/3ko6wyfe23d2b,2024-03-21T08:10:14.103Z,https://bsky.app/profile/darlingm777.bsky.social/post/3ko6wyfe23d2b,https://bsky.app/profile/darlingm777.bsky.social/post/3ko6wyfe23d2b,"L is for Lemur

#AlphabetChallenge

#WeekL",0,12,0,False,,,darlingm777.bsky.social,False,at://did:plc:5ba7qdxu5xvbvc4yxxzj7dpf/app.bsky.feed.post/3ko6wyfe23d2b,"L is for Lemur

#AlphabetChallenge

#WeekL",0.009173225,0,0.08533011,0,0.10819801,0,0.15422586,0,0.0910024,0,0.103851885,0,0.25796708,0,0.27151304,0,0.30842054,0,0.22656517,0,0.17274944,0,0.1712996,0
at://did:plc:e6uuy23adnp4vehylpclperq/app.bsky.feed.post/3ko6wxqdfqa2b,2024-03-21T08:09:52.534Z,https://bsky.app/profile/ambris.bsky.social/post/3ko6wxqdfqa2b,https://bsky.app/profile/ambris.bsky.social/post/3ko6wxqdfqa2b,"Had to draw Selene in The Dress. She's my only OC who might wear such a thing,
though she'd rather be home reading then at some high-society function. XD",14,44,1,False,,,ambris.bsky.social,False,at://did:plc:e6uuy23adnp4vehylpclperq/app.bsky.feed.post/3ko6wxqdfqa2b,"Had to draw Selene in The Dress. She's my only OC who might wear such a thing,
though she'd rather be home reading then at some high-society function. XD",0.049831573,0,0.29025218,0,0.0916127,0,0.32493976,0,0.09854957,0,0.21795772,0,0.5731213,1,0.25205722,0,0.08115245,0,0.09857229,0,0.07382723,0,0.051330358,0
at://did:plc:aidmyvxy7lln7l5fzkv4gvxa/app.bsky.feed.post/3ko6wvejfss2o,2024-03-21T08:08:22.226Z,https://bsky.app/profile/nanoraptor.danamania.com/post/3ko6wvejfss2o,https://bsky.app/profile/nanoraptor.danamania.com/post/3ko6wvejfss2o,"I have been reliably informed that this is the most 1990s photo of me. Which is wrong
because it's from about 2004, but I still think it's probably right too because I'm
a touch on the slow side.",1,34,3,False,,,nanoraptor.danamania.com,False,at://did:plc:aidmyvxy7lln7l5fzkv4gvxa/app.bsky.feed.post/3ko6wvejfss2o,"I have been reliably informed that this is the most 1990s photo of me. Which is wrong
because it's from about 2004, but I still think it's probably right too because I'm
a touch on the slow side.",0.031449065,0,0.17055981,0,0.072207004,0,0.35750914,0,0.10144578,0,0.27206606,0,0.78390765,1,0.22503772,0,0.039732512,0,0.13043179,0,0.06088465,0,0.07757927,0
at://did:plc:wsadl3rm3ljxpsfeyhf7yfhn/app.bsky.feed.post/3ko6wpichh322,2024-03-21T08:05:15.725Z,https://bsky.app/profile/guntoucher.bsky.social/post/3ko6wpichh322,https://bsky.app/profile/guntoucher.bsky.social/post/3ko6wpichh322,"agreed for real i cant understand how, pragmatically speaking, trying to give this much
of a shit about something like idk the office dress code in the current social/political
environment is the thing that needs to be frontloaded",0,2,0,True,,,guntoucher.bsky.social,False,at://did:plc:wsadl3rm3ljxpsfeyhf7yfhn/app.bsky.feed.post/3ko6wpichh322,"agreed for real i cant understand how, pragmatically speaking, trying to give this much
of a shit about something like idk the office dress code in the current social/political
environment is the thing that needs to be frontloaded",0.45757914,0,0.7005073,1,0.3306766,0,0.17286047,0,0.5446746,1,0.13630773,0,0.17732301,0,0.49308434,0,0.18350482,0,0.50104725,1,0.48841766,0,0.18079075,0
at://did:plc:h2hu6tpm3rpz25fdqpvxrfhe/app.bsky.feed.post/3ko6wjofztt2z,2024-03-21T08:02:00.000Z,https://bsky.app/profile/vickyoutenphoto.bsky.social/post/3ko6wjofztt2z,https://bsky.app/profile/vickyoutenphoto.bsky.social/post/3ko6wjofztt2z,"Grey heron #photography #wildlife #wildlifephotography #nature #naturephotography
#Mastodonnaturecommunity #ukwildlife #canon #greyheron",3,19,1,False,,,vickyoutenphoto.bsky.social,False,at://did:plc:h2hu6tpm3rpz25fdqpvxrfhe/app.bsky.feed.post/3ko6wjofztt2z,"Grey heron #photography #wildlife #wildlifephotography #nature #naturephotography
#Mastodonnaturecommunity #ukwildlife #canon #greyheron",0.0043038763,0,0.08533011,0,0.10410205,0,0.13908774,0,0.09474389,0,0.088129774,0,0.19333,0,0.22503772,0,0.19037059,0,0.17437504,0,0.17274944,0,0.14050464,0
at://did:plc:uarqkku2nrjcozstgpjvwmod/app.bsky.feed.post/3ko6wjjzcvl25,2024-03-21T08:01:56.489Z,https://bsky.app/profile/ultralaser.bsky.social/post/3ko6wjjzcvl25,https://bsky.app/profile/ultralaser.bsky.social/post/3ko6wjjzcvl25,"anyways so now talking beards are going on msnbc and talking about how working
from home is bad for people's mental health or will hurt their opportunities for
advancement or whatever and tbh i wish i could go on national tv and just say
whatever i wanted and be taken seriously too",4,15,3,True,,,ultralaser.bsky.social,False,at://did:plc:uarqkku2nrjcozstgpjvwmod/app.bsky.feed.post/3ko6wjjzcvl25,"anyways so now talking beards are going on msnbc and talking about how working
from home is bad for people's mental health or will hurt their opportunities for
advancement or whatever and tbh i wish i could go on national tv and just say
whatever i wanted and be taken seriously too",0.1100022,0,0.41895068,0,0.30611402,0,0.3307102,0,0.15728761,0,0.17151402,0,0.5147646,1,0.63374394,1,0.22645767,0,0.730422,1,0.39685148,0,0.31873214,0
at://did:plc:2zfiswewixlrqmafvsxupa2s/app.bsky.feed.post/3ko6wh7qwxl2i,2024-03-21T08:00:37.376Z,https://bsky.app/profile/churnwell.bsky.social/post/3ko6wh7qwxl2i,https://bsky.app/profile/churnwell.bsky.social/post/3ko6wh7qwxl2i,"""This is where the magic happens."" MTV Cribs reboot shows us how the rich and 
famous live.",2,17,0,False,,,churnwell.bsky.social,False,at://did:plc:2zfiswewixlrqmafvsxupa2s/app.bsky.feed.post/3ko6wh7qwxl2i,"""This is where the magic happens."" MTV Cribs reboot shows us how the rich and 
famous live.",0.022139108,0,0.023327528,0,0.14891115,0,0.12934102,0,0.0758189,0,0.10694439,0,0.07964143,0,0.3307817,0,0.13058984,0,0.5204048,1,0.23127446,0,0.2703933,0
at://did:plc:c5jvrfopuexduroe37qcud5y/app.bsky.feed.post/3ko6weipyuu2w,2024-03-21T07:59:07.460477+00:00,https://bsky.app/profile/birdperhour.net/post/3ko6weipyuu2w,https://bsky.app/profile/birdperhour.net/post/3ko6weipyuu2w,#birdbot,1,18,1,False,,,birdperhour.net,False,at://did:plc:c5jvrfopuexduroe37qcud5y/app.bsky.feed.post/3ko6weipyuu2w,#birdbot,0.030388435,0,0.34142166,0,0.2762165,0,0.16784096,0,0.13873237,0,0.2248042,0,0.2758032,0,0.35154778,0,0.45575067,0,0.39849445,0,0.3273286,0,0.36164957,0
at://did:plc:4mj4jurgo5xnb5qo7hsxfjw6/app.bsky.feed.post/3ko6webteay22,2024-03-21T07:59:00.113Z,https://bsky.app/profile/munchkin68.bsky.social/post/3ko6webteay22,https://bsky.app/profile/munchkin68.bsky.social/post/3ko6webteay22,When will the sun return? Will it be soon?,0,33,7,False,,,munchkin68.bsky.social,False,at://did:plc:4mj4jurgo5xnb5qo7hsxfjw6/app.bsky.feed.post/3ko6webteay22,When will the sun return? Will it be soon?,0.019351736,0,0.1320083,0,0.12779967,0,0.07218798,0,0.5918157,1,0.09681413,0,0.17281176,0,0.20347312,0,0.5182058,1,0.26256898,0,0.23334341,0,0.26905543,0
at://did:plc:bfb2vgjjhueyyr2zcx3bex73/app.bsky.feed.post/3ko6w7su5yu2q,2024-03-21T07:56:30.446Z,https://bsky.app/profile/justineharvey.bsky.social/post/3ko6w7su5yu2q,https://bsky.app/profile/justineharvey.bsky.social/post/3ko6w7su5yu2q,#AlbumArtQuest #MusicChallenge Day 21 Birds / Bees Spirit of Eden - Talk Talk Song pick: Eden,0,15,0,False,,,justineharvey.bsky.social,False,at://did:plc:bfb2vgjjhueyyr2zcx3bex73/app.bsky.feed.post/3ko6w7su5yu2q,#AlbumArtQuest #MusicChallenge Day 21 Birds / Bees Spirit of Eden - Talk Talk Song pick: Eden,0.005497652,0,0.08714753,0,0.0916127,0,0.20502599,0,0.14230952,0,0.11868066,0,0.19102257,0,0.09518812,0,0.20194636,0,0.14138538,0,0.079003625,0,0.11686132,0
at://did:plc:4aqzua5vsewimmusg66fyajl/app.bsky.feed.post/3ko6w4l2bcd26,2024-03-21T07:54:40.360Z,https://bsky.app/profile/noelreports.bsky.social/post/3ko6w4l2bcd26,https://bsky.app/profile/noelreports.bsky.social/post/3ko6w4l2bcd26,"The Big Port of St. Petersburg stopped handling saltpeter amid drone attacks. 
The authorities plan to move the transshipment of saltpeter outside the city,
likely to Ust-Luga. For St. Petersburg, this means a loss of 3 million tons of
cargo per year.",7,20,1,False,,,noelreports.bsky.social,False,at://did:plc:4aqzua5vsewimmusg66fyajl/app.bsky.feed.post/3ko6w4l2bcd26,"The Big Port of St. Petersburg stopped handling saltpeter amid drone attacks. 
The authorities plan to move the transshipment of saltpeter outside the city,
likely to Ust-Luga. For St. Petersburg, this means a loss of 3 million tons of
cargo per year.",0.02048268,0,0.14633444,0,0.2044055,0,0.57284784,1,0.13142079,0,0.5561143,1,0.23915827,0,0.18226859,0,0.32897097,0,0.34686077,0,0.20478956,0,0.20046926,0
at://did:plc:tpivrfl2yyq6bhyx24w6az2m/app.bsky.feed.post/3ko6w2a3vb22r,2024-03-21T07:53:23.030Z,https://bsky.app/profile/pirjapaa.bsky.social/post/3ko6w2a3vb22r,https://bsky.app/profile/pirjapaa.bsky.social/post/3ko6w2a3vb22r,"Hallituksen leikkaukset nojaavat 99% ideologiaan, ty√∂llistymisvaikutukset ovat olemattomia.
Se ett√§ vaikeasti ty√∂llistyv√§lt√§ (ik√§, pitk√§ sairaus tms) leikell√§√§n tukiverkko riekaleiksi, ei
auta h√§nt√§ l√∂yt√§m√§√§n ty√∂paikkaa. Miten 50+ l√∂yt√§√§ vakiduunin
JOS YRITYKSET EIV√ÑT PALKKAA VANHOJA!? #ik√§rasismi",6,13,0,True,,,pirjapaa.bsky.social,False,at://did:plc:tpivrfl2yyq6bhyx24w6az2m/app.bsky.feed.post/3ko6w2a3vb22r,"Hallituksen leikkaukset nojaavat 99% ideologiaan, ty√∂llistymisvaikutukset ovat olemattomia.
Se ett√§ vaikeasti ty√∂llistyv√§lt√§ (ik√§, pitk√§ sairaus tms) leikell√§√§n tukiverkko riekaleiksi, ei
auta h√§nt√§ l√∂yt√§m√§√§n ty√∂paikkaa. Miten 50+ l√∂yt√§√§ vakiduunin
JOS YRITYKSET EIV√ÑT PALKKAA VANHOJA!? #ik√§rasismi",0.19504376,0,0.2662679,0,0.37011713,0,0.28803274,0,0.40012223,0,0.29713845,0,0.29584426,0,0.62675864,1,0.47522098,0,0.6022627,1,0.48045745,0,0.34381226,0
at://did:plc:cyht4ek277xtexq6vozyx5hf/app.bsky.feed.post/3ko6vznt6ae2q,2024-03-21T07:53:03.578Z,https://bsky.app/profile/nilshenrik.bsky.social/post/3ko6vznt6ae2q,https://bsky.app/profile/nilshenrik.bsky.social/post/3ko6vznt6ae2q,"I stor grad einig med denne leiaren. Gutane har drite seg ut, men pornobussen
er f√∏rst og fremst eit s√¶rs vulg√¶rt og pinleg symptom p√• ein d√•rleg kultur
skapt av vaksne sitt profittbegj√¶r.",0,13,1,True,,,nilshenrik.bsky.social,False,at://did:plc:cyht4ek277xtexq6vozyx5hf/app.bsky.feed.post/3ko6vznt6ae2q,"I stor grad einig med denne leiaren. Gutane har drite seg ut, men pornobussen
er f√∏rst og fremst eit s√¶rs vulg√¶rt og pinleg symptom p√• ein d√•rleg kultur
skapt av vaksne sitt profittbegj√¶r.",0.39842087,0,0.4080091,0,0.45577124,0,0.19070588,0,0.33039993,0,0.2450518,0,0.44917226,0,0.628886,1,0.10259992,0,0.45704797,0,0.5001069,1,0.23247011,0
at://did:plc:6y3honhec2jch2ryrbuyx5a5/app.bsky.feed.post/3ko6vue7tgc2q,2024-03-21T07:50:04.889Z,https://bsky.app/profile/maks23.bsky.social/post/3ko6vue7tgc2q,https://bsky.app/profile/maks23.bsky.social/post/3ko6vue7tgc2q,"Gorkovskyi, Belgorod region üëÄ‚úåÔ∏è Legion ""Freedom of Russia"" üòé",3,25,1,True,,,maks23.bsky.social,False,at://did:plc:6y3honhec2jch2ryrbuyx5a5/app.bsky.feed.post/3ko6vue7tgc2q,"Gorkovskyi, Belgorod region üëÄ‚úåÔ∏è Legion ""Freedom of Russia"" üòé",0.028031485,0,0.08897218,0,0.09889726,0,0.11016245,0,0.064186096,0,0.07454585,0,0.20381775,0,0.31169125,0,0.3348766,0,0.32421568,0,0.267576,0,0.24145412,0
at://did:plc:7tcafoglgcki6fmpriwv7soa/app.bsky.feed.post/3ko6vgh66dm26,2024-03-21T07:42:18.769Z,https://bsky.app/profile/jbecologicalfinder.bsky.social/post/3ko6vgh66dm26,https://bsky.app/profile/jbecologicalfinder.bsky.social/post/3ko6vgh66dm26,"Amazing how small the fungi and lichens with such delicate colours and alien shapes.
Like something from a scfi movie. #nature #mushrooms #wildlife #beauty",3,12,1,False,,,jbecologicalfinder.bsky.social,False,at://did:plc:7tcafoglgcki6fmpriwv7soa/app.bsky.feed.post/3ko6vgh66dm26,"Amazing how small the fungi and lichens with such delicate colours and alien shapes.
Like something from a scfi movie. #nature #mushrooms #wildlife #beauty",0.018849092,0,0.23531619,0,0.11870198,0,0.4057054,0,0.10834246,0,0.26131186,0,0.23419909,0,0.077892065,0,0.08290107,0,0.16220845,0,0.06088465,0,0.0573088,0
at://did:plc:f43mqwykq2bno2u7pdiq3w4p/app.bsky.feed.post/3ko6uzlpqtk2r,2024-03-21T07:35:07.051Z,https://bsky.app/profile/arthurp.bsky.social/post/3ko6uzlpqtk2r,https://bsky.app/profile/arthurp.bsky.social/post/3ko6uzlpqtk2r,"Dat er dus vvd'ers zijn die Timmermans de maat nemen maar zelf, geholpen door een
christenfundamentalist als zogenaamde liberalen in bed stappen met een fascistische partij.
Wat een land.",6,17,9,True,,,arthurp.bsky.social,False,at://did:plc:f43mqwykq2bno2u7pdiq3w4p/app.bsky.feed.post/3ko6uzlpqtk2r,"Dat er dus vvd'ers zijn die Timmermans de maat nemen maar zelf, geholpen door een
christenfundamentalist als zogenaamde liberalen in bed stappen met een fascistische partij.
Wat een land.",0.41168427,0,0.26867455,0,0.17844121,0,0.106708884,0,0.11956828,0,0.097804256,0,0.13246238,0,0.89831114,1,0.26827538,0,0.78120375,1,0.71007746,1,0.60431993,1
at://did:plc:lokbfgsmwcwpcyu64uq2uje7/app.bsky.feed.post/3ko6uzamrhv2m,2024-03-21T07:34:55.628Z,https://bsky.app/profile/julianhoffman.bsky.social/post/3ko6uzamrhv2m,https://bsky.app/profile/julianhoffman.bsky.social/post/3ko6uzamrhv2m,"""It's a sanctuary for wildlife and biodiversity and a tool for slowing climate change.‚Äù
Important and immersive essay by @alexismarieadams.bsky.social on the value
of old-growth forests, climate resilience and woodland threats in the Yaak
Valley of Montana and elsewhere.",9,17,1,False,,,julianhoffman.bsky.social,False,at://did:plc:lokbfgsmwcwpcyu64uq2uje7/app.bsky.feed.post/3ko6uzamrhv2m,"""It's a sanctuary for wildlife and biodiversity and a tool for slowing climate change.‚Äù
Important and immersive essay by @alexismarieadams.bsky.social on the value
of old-growth forests, climate resilience and woodland threats in the Yaak
Valley of Montana and elsewhere.",0.00823077,0,0.19247882,0,0.21518372,0,0.6813543,1,0.0966388,0,0.42491317,0,0.3329464,0,0.101989314,0,0.19962387,0,0.23952335,0,0.12561196,0,0.09536462,0
at://did:plc:3mvkgt26t7wkquhljhpm3rko/app.bsky.feed.post/3ko6uti4ynt2q,2024-03-21T07:31:41.614Z,https://bsky.app/profile/gossjam.bsky.social/post/3ko6uti4ynt2q,https://bsky.app/profile/gossjam.bsky.social/post/3ko6uti4ynt2q,Street Cat is back and asleep on my lap. The world is correct.,0,16,0,False,,,gossjam.bsky.social,False,at://did:plc:3mvkgt26t7wkquhljhpm3rko/app.bsky.feed.post/3ko6uti4ynt2q,Street Cat is back and asleep on my lap. The world is correct.,0.08083374,0,0.35023654,0,0.34476215,0,0.11456946,0,0.06743011,0,0.103851885,0,0.31886896,0,0.26698622,0,0.31720668,0,0.29639626,0,0.21696468,0,0.19640762,0
at://did:plc:ns7h7mnivoqh2kkcgzwhj3xg/app.bsky.feed.post/3ko6usitrl72y,2024-03-21T07:31:09.587Z,https://bsky.app/profile/ohta.social/post/3ko6usitrl72y,https://bsky.app/profile/ohta.social/post/3ko6usitrl72y,"With each step through the forest‚Äôs cathedral, we find solace in the sun‚Äôs dappled blessings.",2,28,0,False,,,ohta.social,False,at://did:plc:ns7h7mnivoqh2kkcgzwhj3xg/app.bsky.feed.post/3ko6usitrl72y,"With each step through the forest‚Äôs cathedral, we find solace in the sun‚Äôs dappled blessings.",0.026263772,0,0.115430765,0,0.24012628,0,0.24400055,0,0.07241507,0,0.14134736,0,0.37095368,0,0.101003475,0,0.22904128,0,0.22172096,0,0.0990389,0,0.07105543,0
at://did:plc:kdcfiznyjytozea33yzijxsw/app.bsky.feed.post/3ko6umwt3ld2h,2024-03-21T07:28:03.111Z,https://bsky.app/profile/lomelindi12.bsky.social/post/3ko6umwt3ld2h,https://bsky.app/profile/lomelindi12.bsky.social/post/3ko6umwt3ld2h,"I wish more of us could grasp this. It might wake more of us up about claims 
‚Äòwe can‚Äôt afford the junior doctors pay demands‚Äô, ‚Äòwe have to balance the 
books‚Äô as if we‚Äôre a 1950s housewife doing simple double entry accounting 
(the Daily Mail/Express trope)..
https://eastangliabylines.co.uk/stop-obsessing-about-the-national-debt/",6,20,8,True,,,lomelindi12.bsky.social,False,at://did:plc:kdcfiznyjytozea33yzijxsw/app.bsky.feed.post/3ko6umwt3ld2h,"I wish more of us could grasp this. It might wake more of us up about claims 
‚Äòwe can‚Äôt afford the junior doctors pay demands‚Äô, ‚Äòwe have to balance the 
books‚Äô as if we‚Äôre a 1950s housewife doing simple double entry accounting 
(the Daily Mail/Express trope)..
https://eastangliabylines.co.uk/stop-obsessing-about-the-national-debt/",0.022728346,0,0.4842099,0,0.55026335,1,0.47506902,0,0.51706254,1,0.51871395,1,0.42726764,0,0.5710168,1,0.34379998,0,0.6779466,1,0.5199183,1,0.34760958,0
